group,file,source_sha256,decoded_pcm_sha256,seconds,gain,leading_padding_seconds,before_intervals_seconds,after_intervals_seconds,before_overlaps_annotation,after_overlaps_annotation
bat-negative,WING (review required)-Wingbeats 2.wav,7e92db2d7b045847c7800f5df9f87d1b5f2973d51d91e2257aadd8316d25155b,5a3b5e64e701d21e057523f5f59644852b0c49f89b1ba1d7187345bd6b4e42a1,9.557333333333334,0.1,0.25,4.25-5.75; 6.5-9.80733,None,,
bat-negative,WING (review required)-Wingbeats 2.wav,7e92db2d7b045847c7800f5df9f87d1b5f2973d51d91e2257aadd8316d25155b,5a3b5e64e701d21e057523f5f59644852b0c49f89b1ba1d7187345bd6b4e42a1,9.557333333333334,1,0.75,4.75-6.25; 7-10.3073,None,,
bat-negative,WING (review required)-Wingbeats 2.wav,7e92db2d7b045847c7800f5df9f87d1b5f2973d51d91e2257aadd8316d25155b,5a3b5e64e701d21e057523f5f59644852b0c49f89b1ba1d7187345bd6b4e42a1,9.557333333333334,3,0.5,4.5-6; 6.75-10.0573,None,,
bat-negative,WING (review required)-Wingbeats 3.wav,654c965cdbda2eb17cbe49dbf24160b62c61873b86bb8b796210f58b8b320aeb,f6515ce3b7e37fee493d08e414347e34545dc98ff09b413c9c7f2d283ac53f02,11.776,0.1,0.25,2-3.5; 4.25-8,None,,
bat-negative,WING (review required)-Wingbeats 3.wav,654c965cdbda2eb17cbe49dbf24160b62c61873b86bb8b796210f58b8b320aeb,f6515ce3b7e37fee493d08e414347e34545dc98ff09b413c9c7f2d283ac53f02,11.776,1,0.75,2.5-4; 4.75-8.5,None,,
bat-negative,WING (review required)-Wingbeats 3.wav,654c965cdbda2eb17cbe49dbf24160b62c61873b86bb8b796210f58b8b320aeb,f6515ce3b7e37fee493d08e414347e34545dc98ff09b413c9c7f2d283ac53f02,11.776,3,0.5,2.25-3.75; 4.5-8.25,None,,
osprey-negative,WING (review required)-Wingbeats 10.wav,23c5ceca53b38bd123d1cbfd2c19eb6bbf098aca5b0655be9c5c2384970e77cb,ab7fcc933348668dbda50623ddd5f0d9cb487eba8ea37918a91ff22dd623a608,10.325333333333333,0.1,0.25,4.25-6.5,None,,
osprey-negative,WING (review required)-Wingbeats 10.wav,23c5ceca53b38bd123d1cbfd2c19eb6bbf098aca5b0655be9c5c2384970e77cb,ab7fcc933348668dbda50623ddd5f0d9cb487eba8ea37918a91ff22dd623a608,10.325333333333333,1,0.75,4.75-7,None,,
osprey-negative,WING (review required)-Wingbeats 10.wav,23c5ceca53b38bd123d1cbfd2c19eb6bbf098aca5b0655be9c5c2384970e77cb,ab7fcc933348668dbda50623ddd5f0d9cb487eba8ea37918a91ff22dd623a608,10.325333333333333,3,0.5,4.5-6.75,None,,
osprey-negative,WING (review required)-Wingbeats 11.wav,a279a66357d400ed7bc1e857b6c915082e1e46a113b93ce8ee504d02525becfd,272dc4860e31e6baa1435d9ed4bae37130dc6d58813f17a5badfe479fb775c4d,10.581333333333333,0.1,0.25,4.25-6.75,None,,
osprey-negative,WING (review required)-Wingbeats 11.wav,a279a66357d400ed7bc1e857b6c915082e1e46a113b93ce8ee504d02525becfd,272dc4860e31e6baa1435d9ed4bae37130dc6d58813f17a5badfe479fb775c4d,10.581333333333333,1,0.75,4.75-7.25,None,,
osprey-negative,WING (review required)-Wingbeats 11.wav,a279a66357d400ed7bc1e857b6c915082e1e46a113b93ce8ee504d02525becfd,272dc4860e31e6baa1435d9ed4bae37130dc6d58813f17a5badfe479fb775c4d,10.581333333333333,3,0.5,4.5-7,None,,
osprey-negative,WING (review required)-Wingbeats 12.wav,a8d6c59a3deb45119b0f4a03019de659b351e6120a6b8deb6abac7a66efc8525,7b4fb15173bf0b940df329e416190f0b983939b7116ca3e50e8ed26cefaf4706,9.557333333333334,0.1,0.25,4.25-5.75,None,,
osprey-negative,WING (review required)-Wingbeats 12.wav,a8d6c59a3deb45119b0f4a03019de659b351e6120a6b8deb6abac7a66efc8525,7b4fb15173bf0b940df329e416190f0b983939b7116ca3e50e8ed26cefaf4706,9.557333333333334,1,0.75,4.75-6.25,None,,
osprey-negative,WING (review required)-Wingbeats 12.wav,a8d6c59a3deb45119b0f4a03019de659b351e6120a6b8deb6abac7a66efc8525,7b4fb15173bf0b940df329e416190f0b983939b7116ca3e50e8ed26cefaf4706,9.557333333333334,3,0.5,4.5-6,None,,
osprey-negative,WING (review required)-Wingbeats 13.wav,29aafae0019c6b8c5a8dac50f38a68656aba113c37a8d9175337d6770647ec21,73e980b1bb974006190a992c6f5d866a68922e331027ffb28a5f0021673dfe51,10.325333333333333,0.1,0.25,4.25-6.5,None,,
osprey-negative,WING (review required)-Wingbeats 13.wav,29aafae0019c6b8c5a8dac50f38a68656aba113c37a8d9175337d6770647ec21,73e980b1bb974006190a992c6f5d866a68922e331027ffb28a5f0021673dfe51,10.325333333333333,1,0.75,4.75-7,None,,
osprey-negative,WING (review required)-Wingbeats 13.wav,29aafae0019c6b8c5a8dac50f38a68656aba113c37a8d9175337d6770647ec21,73e980b1bb974006190a992c6f5d866a68922e331027ffb28a5f0021673dfe51,10.325333333333333,3,0.5,4.5-6.75,None,,
osprey-negative,WING (review required)-Wingbeats 14.wav,f051a0992c730f027b9479bc348d97f1c59f4604ff0de72ff8bdf720ba7b0a47,71bd707cc7a1ba325308ee58aa68eb38cd0456441906b1df7b17898e732de1d6,10.069333333333333,0.1,0.25,4.25-6.25,None,,
osprey-negative,WING (review required)-Wingbeats 14.wav,f051a0992c730f027b9479bc348d97f1c59f4604ff0de72ff8bdf720ba7b0a47,71bd707cc7a1ba325308ee58aa68eb38cd0456441906b1df7b17898e732de1d6,10.069333333333333,1,0.75,4.75-6.75,None,,
osprey-negative,WING (review required)-Wingbeats 14.wav,f051a0992c730f027b9479bc348d97f1c59f4604ff0de72ff8bdf720ba7b0a47,71bd707cc7a1ba325308ee58aa68eb38cd0456441906b1df7b17898e732de1d6,10.069333333333333,3,0.5,4.5-6.5,None,,
osprey-negative,WING (review required)-Wingbeats 15.wav,06e6d62e605c395bcfe61617777d3fca2dd0d3a90db36bf5e11c75352d1c76c4,79d98db750375ac97822ead4462d61736b7d9d6487b5a1c533d51d275d22fa29,9.557333333333334,0.1,0.25,4.25-5.75,None,,
osprey-negative,WING (review required)-Wingbeats 15.wav,06e6d62e605c395bcfe61617777d3fca2dd0d3a90db36bf5e11c75352d1c76c4,79d98db750375ac97822ead4462d61736b7d9d6487b5a1c533d51d275d22fa29,9.557333333333334,1,0.75,4.75-6.25,None,,
osprey-negative,WING (review required)-Wingbeats 15.wav,06e6d62e605c395bcfe61617777d3fca2dd0d3a90db36bf5e11c75352d1c76c4,79d98db750375ac97822ead4462d61736b7d9d6487b5a1c533d51d275d22fa29,9.557333333333334,3,0.5,4.5-6,None,,
osprey-negative,WING (review required)-Wingbeats 16.wav,8580c223e47effd5bc8f4522497733ac8833511973ec89f232eb64a0865eab8c,b59f8336c9395fa9f5dc2d4a2fc2002d00aeb9ea7ed6b6b61a023edc9de88102,10.752,0.1,0.25,4.25-7,None,,
osprey-negative,WING (review required)-Wingbeats 16.wav,8580c223e47effd5bc8f4522497733ac8833511973ec89f232eb64a0865eab8c,b59f8336c9395fa9f5dc2d4a2fc2002d00aeb9ea7ed6b6b61a023edc9de88102,10.752,1,0.75,4.75-7.5,None,,
osprey-negative,WING (review required)-Wingbeats 16.wav,8580c223e47effd5bc8f4522497733ac8833511973ec89f232eb64a0865eab8c,b59f8336c9395fa9f5dc2d4a2fc2002d00aeb9ea7ed6b6b61a023edc9de88102,10.752,3,0.5,4.5-7.25,None,,
osprey-negative,WING (review required)-Wingbeats 17.wav,45092c21eff25a65748156202cab047b2782607b68197dbb2f4d27170d568e43,630f6637de987d01cec07e84802cc497f838d6e0d11068946ec765e9358afe14,10.069333333333333,0.1,0.25,4.25-6.25,None,,
osprey-negative,WING (review required)-Wingbeats 17.wav,45092c21eff25a65748156202cab047b2782607b68197dbb2f4d27170d568e43,630f6637de987d01cec07e84802cc497f838d6e0d11068946ec765e9358afe14,10.069333333333333,1,0.75,4.75-6.75,None,,
osprey-negative,WING (review required)-Wingbeats 17.wav,45092c21eff25a65748156202cab047b2782607b68197dbb2f4d27170d568e43,630f6637de987d01cec07e84802cc497f838d6e0d11068946ec765e9358afe14,10.069333333333333,3,0.5,4.5-6.5,None,,
osprey-negative,WING (review required)-Wingbeats 18.wav,d8ebf618b4f066ab7b12f95af26a2dc9da9f634a4781653157f159cc6e436ac0,7c8773e8b095d210e3d26a7bb6683e0476b77320c1254c3c20bf0dc80f5ef08b,10.581333333333333,0.1,0.25,4.25-6.75,None,,
osprey-negative,WING (review required)-Wingbeats 18.wav,d8ebf618b4f066ab7b12f95af26a2dc9da9f634a4781653157f159cc6e436ac0,7c8773e8b095d210e3d26a7bb6683e0476b77320c1254c3c20bf0dc80f5ef08b,10.581333333333333,1,0.75,4.75-7.25,None,,
osprey-negative,WING (review required)-Wingbeats 18.wav,d8ebf618b4f066ab7b12f95af26a2dc9da9f634a4781653157f159cc6e436ac0,7c8773e8b095d210e3d26a7bb6683e0476b77320c1254c3c20bf0dc80f5ef08b,10.581333333333333,3,0.5,4.5-7,None,,
osprey-negative,WING (review required)-Wingbeats 19.wav,0ef489937986db5d7775c405255d22205401418feb08c3ecb864748a928bb1c8,aad774c34e2e36a3006b001d2b1a74fd90ae52097850da817c31c88512ec25c2,11.52,0.1,0.25,4.25-7.75,None,,
osprey-negative,WING (review required)-Wingbeats 19.wav,0ef489937986db5d7775c405255d22205401418feb08c3ecb864748a928bb1c8,aad774c34e2e36a3006b001d2b1a74fd90ae52097850da817c31c88512ec25c2,11.52,1,0.75,4.75-8.25,None,,
osprey-negative,WING (review required)-Wingbeats 19.wav,0ef489937986db5d7775c405255d22205401418feb08c3ecb864748a928bb1c8,aad774c34e2e36a3006b001d2b1a74fd90ae52097850da817c31c88512ec25c2,11.52,3,0.5,4.5-8,None,,
osprey-negative,WING (review required)-Wingbeats 2.wav,9b36be0e9e5a0dd8b1b64f25939bf073e2211a8b5f57d06f26513b0d6c7a56ad,ec0551b6b82ebda422610b8838b2c64e0abbc9de1b3d3ad8c581846f65b13bdb,11.264,0.1,0.25,4.25-7.5,None,,
osprey-negative,WING (review required)-Wingbeats 2.wav,9b36be0e9e5a0dd8b1b64f25939bf073e2211a8b5f57d06f26513b0d6c7a56ad,ec0551b6b82ebda422610b8838b2c64e0abbc9de1b3d3ad8c581846f65b13bdb,11.264,1,0.75,4.75-8,None,,
osprey-negative,WING (review required)-Wingbeats 2.wav,9b36be0e9e5a0dd8b1b64f25939bf073e2211a8b5f57d06f26513b0d6c7a56ad,ec0551b6b82ebda422610b8838b2c64e0abbc9de1b3d3ad8c581846f65b13bdb,11.264,3,0.5,4.5-7.75,None,,
osprey-negative,WING (review required)-Wingbeats 20.wav,955d08e3932b64d7cf86a938a43d2d066cc0500349915a3029dbed0d0587e861,068ed59d79252b8679cb76a3172e4785d7e4fc343df3952a4d6d2c5f2956d5fe,11.008,0.1,0.25,4.25-7.25,None,,
osprey-negative,WING (review required)-Wingbeats 20.wav,955d08e3932b64d7cf86a938a43d2d066cc0500349915a3029dbed0d0587e861,068ed59d79252b8679cb76a3172e4785d7e4fc343df3952a4d6d2c5f2956d5fe,11.008,1,0.75,4.75-7.75,None,,
osprey-negative,WING (review required)-Wingbeats 20.wav,955d08e3932b64d7cf86a938a43d2d066cc0500349915a3029dbed0d0587e861,068ed59d79252b8679cb76a3172e4785d7e4fc343df3952a4d6d2c5f2956d5fe,11.008,3,0.5,4.5-7.5,None,,
osprey-negative,WING (review required)-Wingbeats 21.wav,45cf753e7e621e1f7d64c6166fcde785a58290b3761980212efbc8ab3ca556cf,c2d1bc52d8277eb3fe14fd688f68c345fc9abbaf707f40c83dc5cae55986537d,9.557333333333334,0.1,0.25,4.25-5.75,None,,
osprey-negative,WING (review required)-Wingbeats 21.wav,45cf753e7e621e1f7d64c6166fcde785a58290b3761980212efbc8ab3ca556cf,c2d1bc52d8277eb3fe14fd688f68c345fc9abbaf707f40c83dc5cae55986537d,9.557333333333334,1,0.75,4.75-6.25,None,,
osprey-negative,WING (review required)-Wingbeats 21.wav,45cf753e7e621e1f7d64c6166fcde785a58290b3761980212efbc8ab3ca556cf,c2d1bc52d8277eb3fe14fd688f68c345fc9abbaf707f40c83dc5cae55986537d,9.557333333333334,3,0.5,4.5-6,None,,
osprey-negative,WING (review required)-Wingbeats 22.wav,41b9b3c87ef6c246bfb13d1f55eaf7e063dbd772ba8486d9df83e577981e3852,6c6b2e7491e0a065bb0b1eb48fb3bca959d5b7194fc43d7d61ac48bc995191db,12.8,0.1,0.25,4.25-9,None,,
osprey-negative,WING (review required)-Wingbeats 22.wav,41b9b3c87ef6c246bfb13d1f55eaf7e063dbd772ba8486d9df83e577981e3852,6c6b2e7491e0a065bb0b1eb48fb3bca959d5b7194fc43d7d61ac48bc995191db,12.8,1,0.75,4.75-9.5,None,,
osprey-negative,WING (review required)-Wingbeats 22.wav,41b9b3c87ef6c246bfb13d1f55eaf7e063dbd772ba8486d9df83e577981e3852,6c6b2e7491e0a065bb0b1eb48fb3bca959d5b7194fc43d7d61ac48bc995191db,12.8,3,0.5,4.5-9.25,None,,
osprey-negative,WING (review required)-Wingbeats 23.wav,a551dee7ef3bcdd339bdbf3503ab919449463941a83ccbaba81bbf3d4d754552,84e3aa3a1406ae617c5c297119d99def2dfc801f8d49efb4dfc67db6d4b3ad32,12.544,0.1,0.25,4.25-8.75; 9-11.25; 11.5-12.794,None,,
osprey-negative,WING (review required)-Wingbeats 23.wav,a551dee7ef3bcdd339bdbf3503ab919449463941a83ccbaba81bbf3d4d754552,84e3aa3a1406ae617c5c297119d99def2dfc801f8d49efb4dfc67db6d4b3ad32,12.544,1,0.75,4.75-9.25; 9.5-11.75; 12-13.294,None,,
osprey-negative,WING (review required)-Wingbeats 23.wav,a551dee7ef3bcdd339bdbf3503ab919449463941a83ccbaba81bbf3d4d754552,84e3aa3a1406ae617c5c297119d99def2dfc801f8d49efb4dfc67db6d4b3ad32,12.544,3,0.5,4.5-9; 9.25-11.5; 11.75-13.044,None,,
osprey-negative,WING (review required)-Wingbeats 24.wav,ece9dd2938ca28283b3ff7971955d09e1324fbc6dc587939654af8154681b72e,cd4a057d9e9a804c0f24c4ea0dab87eb03759796a0922edf155eaa8702deacee,10.325333333333333,0.1,0.25,0-4; 4.25-6.5; 6.75-8.75,None,,
osprey-negative,WING (review required)-Wingbeats 24.wav,ece9dd2938ca28283b3ff7971955d09e1324fbc6dc587939654af8154681b72e,cd4a057d9e9a804c0f24c4ea0dab87eb03759796a0922edf155eaa8702deacee,10.325333333333333,1,0.75,0.25-4.5; 4.75-7; 7.25-9.25,None,,
osprey-negative,WING (review required)-Wingbeats 24.wav,ece9dd2938ca28283b3ff7971955d09e1324fbc6dc587939654af8154681b72e,cd4a057d9e9a804c0f24c4ea0dab87eb03759796a0922edf155eaa8702deacee,10.325333333333333,3,0.5,0-4.25; 4.5-6.75; 7-9,None,,
osprey-negative,WING (review required)-Wingbeats 25.wav,a6971c6a6171f12228c784dce8708fb28cbb8039e3121b4c4cce52125c5775d2,6893f2c67d54c18d07d155432d7460b412688bc64687068238982cf63143abb3,10.069333333333333,0.1,0.25,1.75-4; 4.25-6.25,None,,
osprey-negative,WING (review required)-Wingbeats 25.wav,a6971c6a6171f12228c784dce8708fb28cbb8039e3121b4c4cce52125c5775d2,6893f2c67d54c18d07d155432d7460b412688bc64687068238982cf63143abb3,10.069333333333333,1,0.75,2.25-4.5; 4.75-6.75,None,,
osprey-negative,WING (review required)-Wingbeats 25.wav,a6971c6a6171f12228c784dce8708fb28cbb8039e3121b4c4cce52125c5775d2,6893f2c67d54c18d07d155432d7460b412688bc64687068238982cf63143abb3,10.069333333333333,3,0.5,2-4.25; 4.5-6.5,None,,
osprey-negative,WING (review required)-Wingbeats 26.wav,5c2ddbe1bb9438aa9e520402255b4381210930cc39181780934b108eb5694259,3f8474ddaaf9536ba48ed11774e463952c5e03d240d7db54d6bd72971ea40d81,10.752,0.1,0.25,4.25-7; 9-11.002,None,,
osprey-negative,WING (review required)-Wingbeats 26.wav,5c2ddbe1bb9438aa9e520402255b4381210930cc39181780934b108eb5694259,3f8474ddaaf9536ba48ed11774e463952c5e03d240d7db54d6bd72971ea40d81,10.752,1,0.75,4.75-7.5; 9.5-11.502,None,,
osprey-negative,WING (review required)-Wingbeats 26.wav,5c2ddbe1bb9438aa9e520402255b4381210930cc39181780934b108eb5694259,3f8474ddaaf9536ba48ed11774e463952c5e03d240d7db54d6bd72971ea40d81,10.752,3,0.5,4.5-7.25; 9.25-11.252,None,,
osprey-negative,WING (review required)-Wingbeats 27.wav,dd2c05be5833492e4db5544e61db59923a98c6e593bd2c0a52c8a8ac2f4f7723,839f0fc6c2e0d1f84cbc3f743584fc59813472b645b6328f63ee92cb90b8f118,10.752,0.1,0.25,0.25-2.25; 4.25-7,None,,
osprey-negative,WING (review required)-Wingbeats 27.wav,dd2c05be5833492e4db5544e61db59923a98c6e593bd2c0a52c8a8ac2f4f7723,839f0fc6c2e0d1f84cbc3f743584fc59813472b645b6328f63ee92cb90b8f118,10.752,1,0.75,0.75-2.75; 4.75-7.5,None,,
osprey-negative,WING (review required)-Wingbeats 27.wav,dd2c05be5833492e4db5544e61db59923a98c6e593bd2c0a52c8a8ac2f4f7723,839f0fc6c2e0d1f84cbc3f743584fc59813472b645b6328f63ee92cb90b8f118,10.752,3,0.5,0.5-2.5; 4.5-7.25,None,,
osprey-negative,WING (review required)-Wingbeats 28.wav,24c343194b8d09ba95e2eccf6596ad08b33db3fcd4eddcedb601bb212e0a72e8,3ede79d0655c4ce2f483e94faef0e02351541b9f19c47ff2426aadd4e6347cde,10.752,0.1,0.25,4.25-7,None,,
osprey-negative,WING (review required)-Wingbeats 28.wav,24c343194b8d09ba95e2eccf6596ad08b33db3fcd4eddcedb601bb212e0a72e8,3ede79d0655c4ce2f483e94faef0e02351541b9f19c47ff2426aadd4e6347cde,10.752,1,0.75,4.75-7.5,None,,
osprey-negative,WING (review required)-Wingbeats 28.wav,24c343194b8d09ba95e2eccf6596ad08b33db3fcd4eddcedb601bb212e0a72e8,3ede79d0655c4ce2f483e94faef0e02351541b9f19c47ff2426aadd4e6347cde,10.752,3,0.5,4.5-7.25,None,,
osprey-negative,WING (review required)-Wingbeats 29.wav,ad7ea2590b3059849d18183a0274a7206900fc83cd0a1468e753a4461f4e5a99,66f88a1b412504fbcf922504875ea1ce67ccfc6b72eee01d94f573891c72ec2d,12.032,0.1,0.25,4.25-8.25,None,,
osprey-negative,WING (review required)-Wingbeats 29.wav,ad7ea2590b3059849d18183a0274a7206900fc83cd0a1468e753a4461f4e5a99,66f88a1b412504fbcf922504875ea1ce67ccfc6b72eee01d94f573891c72ec2d,12.032,1,0.75,4.75-8.75,None,,
osprey-negative,WING (review required)-Wingbeats 29.wav,ad7ea2590b3059849d18183a0274a7206900fc83cd0a1468e753a4461f4e5a99,66f88a1b412504fbcf922504875ea1ce67ccfc6b72eee01d94f573891c72ec2d,12.032,3,0.5,4.5-8.5,None,,
osprey-negative,WING (review required)-Wingbeats 3.wav,73efca8a62dd7b7d82ca64bd021d78d8ebbd80379ace6dec600543407d4ab811,4e52110b4efc7d4b1a1061076ff9e93f509cb18b50929cdf20e402d467003e49,10.752,0.1,0.25,4.25-7,None,,
osprey-negative,WING (review required)-Wingbeats 3.wav,73efca8a62dd7b7d82ca64bd021d78d8ebbd80379ace6dec600543407d4ab811,4e52110b4efc7d4b1a1061076ff9e93f509cb18b50929cdf20e402d467003e49,10.752,1,0.75,4.75-7.5,None,,
osprey-negative,WING (review required)-Wingbeats 3.wav,73efca8a62dd7b7d82ca64bd021d78d8ebbd80379ace6dec600543407d4ab811,4e52110b4efc7d4b1a1061076ff9e93f509cb18b50929cdf20e402d467003e49,10.752,3,0.5,4.5-7.25,None,,
osprey-negative,WING (review required)-Wingbeats 30.wav,583296d7f30d7ac788d8d5a173d944d771e7b9e76052dc6ca267d795bb5d9ce3,5b530fb2a7d47125d75cfb61c794b961d8710c20983ab39f553fa9e7c28412c4,10.325333333333333,0.1,0.25,4.25-6.5,None,,
osprey-negative,WING (review required)-Wingbeats 30.wav,583296d7f30d7ac788d8d5a173d944d771e7b9e76052dc6ca267d795bb5d9ce3,5b530fb2a7d47125d75cfb61c794b961d8710c20983ab39f553fa9e7c28412c4,10.325333333333333,1,0.75,4.75-7,None,,
osprey-negative,WING (review required)-Wingbeats 30.wav,583296d7f30d7ac788d8d5a173d944d771e7b9e76052dc6ca267d795bb5d9ce3,5b530fb2a7d47125d75cfb61c794b961d8710c20983ab39f553fa9e7c28412c4,10.325333333333333,3,0.5,4.5-6.75,None,,
osprey-negative,WING (review required)-Wingbeats 31.wav,28b04e0330d00487947723744ab62ca317c5bb96a9b3b1885a34d347978c999a,145e404431037127d0afb25819082365506f65c7d118f530b12c24bd75fcb2ed,11.264,0.1,0.25,4.25-7.5,None,,
osprey-negative,WING (review required)-Wingbeats 31.wav,28b04e0330d00487947723744ab62ca317c5bb96a9b3b1885a34d347978c999a,145e404431037127d0afb25819082365506f65c7d118f530b12c24bd75fcb2ed,11.264,1,0.75,4.75-8,None,,
osprey-negative,WING (review required)-Wingbeats 31.wav,28b04e0330d00487947723744ab62ca317c5bb96a9b3b1885a34d347978c999a,145e404431037127d0afb25819082365506f65c7d118f530b12c24bd75fcb2ed,11.264,3,0.5,4.5-7.75,None,,
osprey-negative,WING (review required)-Wingbeats 32.wav,42a42c8642caf5e08addd10da389810690cbfc3384759c1e68eaf4a5ae4c4d32,e8ccf4b6f3b4f49b02100e40c5fe07d2dc42cbab1463bf73d22a9b6a7a4ed738,10.325333333333333,0.1,0.25,4.25-6.5,None,,
osprey-negative,WING (review required)-Wingbeats 32.wav,42a42c8642caf5e08addd10da389810690cbfc3384759c1e68eaf4a5ae4c4d32,e8ccf4b6f3b4f49b02100e40c5fe07d2dc42cbab1463bf73d22a9b6a7a4ed738,10.325333333333333,1,0.75,4.75-7,None,,
osprey-negative,WING (review required)-Wingbeats 32.wav,42a42c8642caf5e08addd10da389810690cbfc3384759c1e68eaf4a5ae4c4d32,e8ccf4b6f3b4f49b02100e40c5fe07d2dc42cbab1463bf73d22a9b6a7a4ed738,10.325333333333333,3,0.5,4.5-6.75,None,,
osprey-negative,WING (review required)-Wingbeats 33.wav,7536bcc69adc922fdc31db925b923a8a979429c2f396817ecdb43cda2400b1e7,a593edb24eca2d10f95b7f751312cd471108213b5cf8e9444489fbdbedebcb28,10.752,0.1,0.25,4.25-7; 7.75-9.75,None,,
osprey-negative,WING (review required)-Wingbeats 33.wav,7536bcc69adc922fdc31db925b923a8a979429c2f396817ecdb43cda2400b1e7,a593edb24eca2d10f95b7f751312cd471108213b5cf8e9444489fbdbedebcb28,10.752,1,0.75,4.75-7.5; 8.25-10.25,None,,
osprey-negative,WING (review required)-Wingbeats 33.wav,7536bcc69adc922fdc31db925b923a8a979429c2f396817ecdb43cda2400b1e7,a593edb24eca2d10f95b7f751312cd471108213b5cf8e9444489fbdbedebcb28,10.752,3,0.5,4.5-7.25; 8-10,None,,
osprey-negative,WING (review required)-Wingbeats 34.wav,b69b5d3ff6b8a2fb0d47a1c3582dae6d48ac128486408f39e9480f4e0fdacde7,262ce19aca8b7161b2e485d4b3aaf7a4dac4efd7f449bb9c4de675245f03d58f,10.069333333333333,0.1,0.25,0.75-3.5; 4.25-6.25,None,,
osprey-negative,WING (review required)-Wingbeats 34.wav,b69b5d3ff6b8a2fb0d47a1c3582dae6d48ac128486408f39e9480f4e0fdacde7,262ce19aca8b7161b2e485d4b3aaf7a4dac4efd7f449bb9c4de675245f03d58f,10.069333333333333,1,0.75,1.25-4; 4.75-6.75,None,,
osprey-negative,WING (review required)-Wingbeats 34.wav,b69b5d3ff6b8a2fb0d47a1c3582dae6d48ac128486408f39e9480f4e0fdacde7,262ce19aca8b7161b2e485d4b3aaf7a4dac4efd7f449bb9c4de675245f03d58f,10.069333333333333,3,0.5,1-3.75; 4.5-6.5,None,,
osprey-negative,WING (review required)-Wingbeats 35.wav,1c092d887a01457e5410b5fbfd60d185683d09756409be80617bf6a7f42615ed,44fef872c378db44bd28678200e9df951e3fcfb0bd61b08947f8357b19a0c784,9.557333333333334,0.1,0.25,4.25-5.75,None,,
osprey-negative,WING (review required)-Wingbeats 35.wav,1c092d887a01457e5410b5fbfd60d185683d09756409be80617bf6a7f42615ed,44fef872c378db44bd28678200e9df951e3fcfb0bd61b08947f8357b19a0c784,9.557333333333334,1,0.75,4.75-6.25,None,,
osprey-negative,WING (review required)-Wingbeats 35.wav,1c092d887a01457e5410b5fbfd60d185683d09756409be80617bf6a7f42615ed,44fef872c378db44bd28678200e9df951e3fcfb0bd61b08947f8357b19a0c784,9.557333333333334,3,0.5,4.5-6,None,,
osprey-negative,WING (review required)-Wingbeats 36.wav,1b7e0dd5bf4e27a9ef89260d7a60efe453d1722a70bdc926b0df11ab40420f4b,c709e194450656193cdb88f73781b41f313167d8933194e79b372877262d3b89,11.776,0.1,0.25,4.25-8,None,,
osprey-negative,WING (review required)-Wingbeats 36.wav,1b7e0dd5bf4e27a9ef89260d7a60efe453d1722a70bdc926b0df11ab40420f4b,c709e194450656193cdb88f73781b41f313167d8933194e79b372877262d3b89,11.776,1,0.75,4.75-8.5,None,,
osprey-negative,WING (review required)-Wingbeats 36.wav,1b7e0dd5bf4e27a9ef89260d7a60efe453d1722a70bdc926b0df11ab40420f4b,c709e194450656193cdb88f73781b41f313167d8933194e79b372877262d3b89,11.776,3,0.5,4.5-8.25,None,,
osprey-negative,WING (review required)-Wingbeats 37.wav,883126178f97f9f7c4cc09f913030935055f6c861876bca04d5ed641924cbc5b,7301dd391f68974fde945e6cc9a0969e01f94083fc01faf72274d68a42d03d5a,10.325333333333333,0.1,0.25,4.25-6.5,None,,
osprey-negative,WING (review required)-Wingbeats 37.wav,883126178f97f9f7c4cc09f913030935055f6c861876bca04d5ed641924cbc5b,7301dd391f68974fde945e6cc9a0969e01f94083fc01faf72274d68a42d03d5a,10.325333333333333,1,0.75,4.75-7,None,,
osprey-negative,WING (review required)-Wingbeats 37.wav,883126178f97f9f7c4cc09f913030935055f6c861876bca04d5ed641924cbc5b,7301dd391f68974fde945e6cc9a0969e01f94083fc01faf72274d68a42d03d5a,10.325333333333333,3,0.5,4.5-6.75,None,,
osprey-negative,WING (review required)-Wingbeats 38.wav,9dbcbef4b700292eacef01ca14a0e726029acb150e4ba9cfd5754641ac4563d1,dd68fd53bf03cbf5e7be96d34ac6f472017684e5aa1c94b15143b32ea61cbb25,9.557333333333334,0.1,0.25,4.25-5.75,None,,
osprey-negative,WING (review required)-Wingbeats 38.wav,9dbcbef4b700292eacef01ca14a0e726029acb150e4ba9cfd5754641ac4563d1,dd68fd53bf03cbf5e7be96d34ac6f472017684e5aa1c94b15143b32ea61cbb25,9.557333333333334,1,0.75,4.75-6.25,None,,
osprey-negative,WING (review required)-Wingbeats 38.wav,9dbcbef4b700292eacef01ca14a0e726029acb150e4ba9cfd5754641ac4563d1,dd68fd53bf03cbf5e7be96d34ac6f472017684e5aa1c94b15143b32ea61cbb25,9.557333333333334,3,0.5,4.5-6,None,,
osprey-negative,WING (review required)-Wingbeats 39.wav,84221234f66cc1f945c3b30227863b684ed80a4e30333bdc77ad40d4b82b53c7,1e7e41dca1d6bddcee321367c0d69ab3ed8ba45ed51ebfb6eb63ab055215f416,11.264,0.1,0.25,4.25-7.5,None,,
osprey-negative,WING (review required)-Wingbeats 39.wav,84221234f66cc1f945c3b30227863b684ed80a4e30333bdc77ad40d4b82b53c7,1e7e41dca1d6bddcee321367c0d69ab3ed8ba45ed51ebfb6eb63ab055215f416,11.264,1,0.75,4.75-8,None,,
osprey-negative,WING (review required)-Wingbeats 39.wav,84221234f66cc1f945c3b30227863b684ed80a4e30333bdc77ad40d4b82b53c7,1e7e41dca1d6bddcee321367c0d69ab3ed8ba45ed51ebfb6eb63ab055215f416,11.264,3,0.5,4.5-7.75,None,,
osprey-negative,WING (review required)-Wingbeats 4.wav,21c73a4482a795da000dd6217b30bd60e64e4a6e4070914352fafc17d427cdd9,d5ad866f05a22e6b7c09319213f9d79c563c03596db9814dafb2c1f799e35e91,10.069333333333333,0.1,0.25,4.25-6.25,None,,
osprey-negative,WING (review required)-Wingbeats 4.wav,21c73a4482a795da000dd6217b30bd60e64e4a6e4070914352fafc17d427cdd9,d5ad866f05a22e6b7c09319213f9d79c563c03596db9814dafb2c1f799e35e91,10.069333333333333,1,0.75,4.75-6.75,None,,
osprey-negative,WING (review required)-Wingbeats 4.wav,21c73a4482a795da000dd6217b30bd60e64e4a6e4070914352fafc17d427cdd9,d5ad866f05a22e6b7c09319213f9d79c563c03596db9814dafb2c1f799e35e91,10.069333333333333,3,0.5,4.5-6.5,None,,
osprey-negative,WING (review required)-Wingbeats 40.wav,b3b6828c3a6aa1d905dd918ecf945348c83765bca74e5dec48ed3d6563e52ffd,2083036309e8ebfd1c286641c989083512caf17d91b3475a97700abe378d846f,12.032,0.1,0.25,4.25-8.25; 10-12.282,None,,
osprey-negative,WING (review required)-Wingbeats 40.wav,b3b6828c3a6aa1d905dd918ecf945348c83765bca74e5dec48ed3d6563e52ffd,2083036309e8ebfd1c286641c989083512caf17d91b3475a97700abe378d846f,12.032,1,0.75,4.75-8.75; 10.5-12.782,None,,
osprey-negative,WING (review required)-Wingbeats 40.wav,b3b6828c3a6aa1d905dd918ecf945348c83765bca74e5dec48ed3d6563e52ffd,2083036309e8ebfd1c286641c989083512caf17d91b3475a97700abe378d846f,12.032,3,0.5,4.5-8.5; 10.25-12.532,None,,
osprey-negative,WING (review required)-Wingbeats 41.wav,04dd0adce57ed94cc3e9aa10b656680a3c445c6dcb6c31d846f10bbe1305b503,7d16b8a3c383813aa4281a317faee7092356acac504c48ee41a4dbb2a6668829,12.288,0.1,0.25,0-2.5; 4.25-8.5,None,,
osprey-negative,WING (review required)-Wingbeats 41.wav,04dd0adce57ed94cc3e9aa10b656680a3c445c6dcb6c31d846f10bbe1305b503,7d16b8a3c383813aa4281a317faee7092356acac504c48ee41a4dbb2a6668829,12.288,1,0.75,0-3; 4.75-9,None,,
osprey-negative,WING (review required)-Wingbeats 41.wav,04dd0adce57ed94cc3e9aa10b656680a3c445c6dcb6c31d846f10bbe1305b503,7d16b8a3c383813aa4281a317faee7092356acac504c48ee41a4dbb2a6668829,12.288,3,0.5,0-2.75; 4.5-8.75,None,,
osprey-negative,WING (review required)-Wingbeats 42.wav,33273937bf7f0ad6de0ceb6924189aa28e74aa3746919b216cb8d6509581a8a2,b032a39031a5020319946749e213acb6f716f247e9097b0f83f483b4d977d175,10.325333333333333,0.1,0.25,4.25-6.5,None,,
osprey-negative,WING (review required)-Wingbeats 42.wav,33273937bf7f0ad6de0ceb6924189aa28e74aa3746919b216cb8d6509581a8a2,b032a39031a5020319946749e213acb6f716f247e9097b0f83f483b4d977d175,10.325333333333333,1,0.75,4.75-7,None,,
osprey-negative,WING (review required)-Wingbeats 42.wav,33273937bf7f0ad6de0ceb6924189aa28e74aa3746919b216cb8d6509581a8a2,b032a39031a5020319946749e213acb6f716f247e9097b0f83f483b4d977d175,10.325333333333333,3,0.5,4.5-6.75,None,,
osprey-negative,WING (review required)-Wingbeats 43.wav,98f0068f53164c73e0dd7ac41ede6eb17696f7681637afef4a7437e2e00530a8,f12ff860dc0cace0a0b20db745eed9e96262fca1a2ae1004fcb7f6997fa6d4e8,10.325333333333333,0.1,0.25,4.25-6.5; 9.25-10.5753,None,,
osprey-negative,WING (review required)-Wingbeats 43.wav,98f0068f53164c73e0dd7ac41ede6eb17696f7681637afef4a7437e2e00530a8,f12ff860dc0cace0a0b20db745eed9e96262fca1a2ae1004fcb7f6997fa6d4e8,10.325333333333333,1,0.75,4.75-7; 9.75-11.0753,None,,
osprey-negative,WING (review required)-Wingbeats 43.wav,98f0068f53164c73e0dd7ac41ede6eb17696f7681637afef4a7437e2e00530a8,f12ff860dc0cace0a0b20db745eed9e96262fca1a2ae1004fcb7f6997fa6d4e8,10.325333333333333,3,0.5,4.5-6.75; 9.5-10.8253,None,,
osprey-negative,WING (review required)-Wingbeats 44.wav,a9a607532b3892b1b63ef2a9bdf190f52bee2a574b12a5767338ff320ae17b37,ab6c10f31b3831b465352b94da59eebbb029b0aad62bc294ff591e459dfd98cb,12.8,0.1,0.25,4.25-9,None,,
osprey-negative,WING (review required)-Wingbeats 44.wav,a9a607532b3892b1b63ef2a9bdf190f52bee2a574b12a5767338ff320ae17b37,ab6c10f31b3831b465352b94da59eebbb029b0aad62bc294ff591e459dfd98cb,12.8,1,0.75,4.75-9.5,None,,
osprey-negative,WING (review required)-Wingbeats 44.wav,a9a607532b3892b1b63ef2a9bdf190f52bee2a574b12a5767338ff320ae17b37,ab6c10f31b3831b465352b94da59eebbb029b0aad62bc294ff591e459dfd98cb,12.8,3,0.5,4.5-9.25,None,,
osprey-negative,WING (review required)-Wingbeats 45.wav,6b0d92cc2fd3cddbd61365f79c3dec50583b3dcc08574f2ec90ae1934a272815,19b53008c86f22be4de431c7af7814d34e2d1602099278e604d874ba94812497,11.52,0.1,0.25,4.25-7.75,None,,
osprey-negative,WING (review required)-Wingbeats 45.wav,6b0d92cc2fd3cddbd61365f79c3dec50583b3dcc08574f2ec90ae1934a272815,19b53008c86f22be4de431c7af7814d34e2d1602099278e604d874ba94812497,11.52,1,0.75,4.75-8.25,None,,
osprey-negative,WING (review required)-Wingbeats 45.wav,6b0d92cc2fd3cddbd61365f79c3dec50583b3dcc08574f2ec90ae1934a272815,19b53008c86f22be4de431c7af7814d34e2d1602099278e604d874ba94812497,11.52,3,0.5,4.5-8,None,,
osprey-negative,WING (review required)-Wingbeats 46.wav,1e9c7731e5184a2a8999330864a6b8d822c6436ea0338ca37e0652043575d02a,9e798aa26832605964479b669e957d46ce309771c2797f46c03b03afd7f67edc,11.52,0.1,0.25,4.25-7.75,None,,
osprey-negative,WING (review required)-Wingbeats 46.wav,1e9c7731e5184a2a8999330864a6b8d822c6436ea0338ca37e0652043575d02a,9e798aa26832605964479b669e957d46ce309771c2797f46c03b03afd7f67edc,11.52,1,0.75,4.75-8.25,None,,
osprey-negative,WING (review required)-Wingbeats 46.wav,1e9c7731e5184a2a8999330864a6b8d822c6436ea0338ca37e0652043575d02a,9e798aa26832605964479b669e957d46ce309771c2797f46c03b03afd7f67edc,11.52,3,0.5,4.5-8,None,,
osprey-negative,WING (review required)-Wingbeats 47.wav,4e4fcc5ee978e251b6c0b37fed44ea366831dcd126360ec24fc2fa8fdd645900,9df40274625a55de78af190d15bbdf87be46d5f1e985bd4c4d65a2fe09205759,5.25,0.1,0.25,4.25-5.5,None,,
osprey-negative,WING (review required)-Wingbeats 47.wav,4e4fcc5ee978e251b6c0b37fed44ea366831dcd126360ec24fc2fa8fdd645900,9df40274625a55de78af190d15bbdf87be46d5f1e985bd4c4d65a2fe09205759,5.25,1,0.75,4.75-6,None,,
osprey-negative,WING (review required)-Wingbeats 47.wav,4e4fcc5ee978e251b6c0b37fed44ea366831dcd126360ec24fc2fa8fdd645900,9df40274625a55de78af190d15bbdf87be46d5f1e985bd4c4d65a2fe09205759,5.25,3,0.5,4.5-5.75,None,,
osprey-negative,WING (review required)-Wingbeats 5.wav,a9398e71d78d06a2bb09a729b194d10f1fce332ec93a049109e4c3f465f2d2df,9e080d5d363c4357c1efc06ad4044cf4233379673e0c5ac1cedf2f494dc86d2d,10.752,0.1,0.25,4.25-7,None,,
osprey-negative,WING (review required)-Wingbeats 5.wav,a9398e71d78d06a2bb09a729b194d10f1fce332ec93a049109e4c3f465f2d2df,9e080d5d363c4357c1efc06ad4044cf4233379673e0c5ac1cedf2f494dc86d2d,10.752,1,0.75,4.75-7.5,None,,
osprey-negative,WING (review required)-Wingbeats 5.wav,a9398e71d78d06a2bb09a729b194d10f1fce332ec93a049109e4c3f465f2d2df,9e080d5d363c4357c1efc06ad4044cf4233379673e0c5ac1cedf2f494dc86d2d,10.752,3,0.5,4.5-7.25,None,,
osprey-negative,WING (review required)-Wingbeats 6.wav,0c6163f3cd13929ab525e56aa0f6c87bae205fab52d39879397b3eaf42dcec71,89b491e241dc26268efbb9d547850b345ad3cbfd90b25292bb87ca4ec1680599,11.52,0.1,0.25,0.25-1.75; 4.25-7.75,None,,
osprey-negative,WING (review required)-Wingbeats 6.wav,0c6163f3cd13929ab525e56aa0f6c87bae205fab52d39879397b3eaf42dcec71,89b491e241dc26268efbb9d547850b345ad3cbfd90b25292bb87ca4ec1680599,11.52,1,0.75,0.75-2.25; 4.75-8.25,None,,
osprey-negative,WING (review required)-Wingbeats 6.wav,0c6163f3cd13929ab525e56aa0f6c87bae205fab52d39879397b3eaf42dcec71,89b491e241dc26268efbb9d547850b345ad3cbfd90b25292bb87ca4ec1680599,11.52,3,0.5,0.5-2; 4.5-8,None,,
osprey-negative,WING (review required)-Wingbeats 7.wav,395cea4e083f5c143f672bbe3be2313004ac8acaeb6ad0dea061bc9e4cb98cd5,559d047cabfffcfd1e18c494f6c5ac9af47e4d9b0d806627de79122f9485ad9f,9.813333333333333,0.1,0.25,4.25-6,None,,
osprey-negative,WING (review required)-Wingbeats 7.wav,395cea4e083f5c143f672bbe3be2313004ac8acaeb6ad0dea061bc9e4cb98cd5,559d047cabfffcfd1e18c494f6c5ac9af47e4d9b0d806627de79122f9485ad9f,9.813333333333333,1,0.75,4.75-6.5,None,,
osprey-negative,WING (review required)-Wingbeats 7.wav,395cea4e083f5c143f672bbe3be2313004ac8acaeb6ad0dea061bc9e4cb98cd5,559d047cabfffcfd1e18c494f6c5ac9af47e4d9b0d806627de79122f9485ad9f,9.813333333333333,3,0.5,4.5-6.25,None,,
osprey-negative,WING (review required)-Wingbeats 8.wav,558688226e01e2e543eedcc2c8ca40d95cb63e0a81d2d1130f740014057f7680,b8296ba0fe431fdd14c78e3d7daa16584d91d7fa436e3627184b74488d28e9d6,9.557333333333334,0.1,0.25,4.25-5.75,None,,
osprey-negative,WING (review required)-Wingbeats 8.wav,558688226e01e2e543eedcc2c8ca40d95cb63e0a81d2d1130f740014057f7680,b8296ba0fe431fdd14c78e3d7daa16584d91d7fa436e3627184b74488d28e9d6,9.557333333333334,1,0.75,4.75-6.25,None,,
osprey-negative,WING (review required)-Wingbeats 8.wav,558688226e01e2e543eedcc2c8ca40d95cb63e0a81d2d1130f740014057f7680,b8296ba0fe431fdd14c78e3d7daa16584d91d7fa436e3627184b74488d28e9d6,9.557333333333334,3,0.5,4.5-6,None,,
osprey-negative,WING (review required)-Wingbeats 9.wav,25fd3e9fe793f076d731ca93cc63d19933582cea61dfc29e98181817790aa071,ce93f1e2c3e2d8c2b05adbade0676ea59b952530630580e239cf56f99053c611,11.008,0.1,0.25,4.25-7.25,None,,
osprey-negative,WING (review required)-Wingbeats 9.wav,25fd3e9fe793f076d731ca93cc63d19933582cea61dfc29e98181817790aa071,ce93f1e2c3e2d8c2b05adbade0676ea59b952530630580e239cf56f99053c611,11.008,1,0.75,4.75-7.75,None,,
osprey-negative,WING (review required)-Wingbeats 9.wav,25fd3e9fe793f076d731ca93cc63d19933582cea61dfc29e98181817790aa071,ce93f1e2c3e2d8c2b05adbade0676ea59b952530630580e239cf56f99053c611,11.008,3,0.5,4.5-7.5,None,,
osprey-negative,WING (review required)-Wingbeats.wav,180ae745758c79a003f6fcc22a02e5eaab9cff99c0d19cf88228cc68aef86159,b1216bbd53857fb12b07cd9d86a5659c46d6d40369db5e27469fdbd8e25a5409,10.752,0.1,0.25,4.25-7,None,,
osprey-negative,WING (review required)-Wingbeats.wav,180ae745758c79a003f6fcc22a02e5eaab9cff99c0d19cf88228cc68aef86159,b1216bbd53857fb12b07cd9d86a5659c46d6d40369db5e27469fdbd8e25a5409,10.752,1,0.75,4.75-7.5,None,,
osprey-negative,WING (review required)-Wingbeats.wav,180ae745758c79a003f6fcc22a02e5eaab9cff99c0d19cf88228cc68aef86159,b1216bbd53857fb12b07cd9d86a5659c46d6d40369db5e27469fdbd8e25a5409,10.752,3,0.5,4.5-7.25,None,,
positive,bufflehead at 8 to 11 seconds.mp3,1235cd6fc626b70e15aca8af3ea9fba52e8395f1e16f2b8f14e8c4d675383892,855179b158dbefd0d2f19263c5486d57adf4dcd00eb19e17ea010d4b5b4c4b3a,15.432,0.1,0,None,None,False,False
positive,bufflehead at 8 to 11 seconds.mp3,1235cd6fc626b70e15aca8af3ea9fba52e8395f1e16f2b8f14e8c4d675383892,855179b158dbefd0d2f19263c5486d57adf4dcd00eb19e17ea010d4b5b4c4b3a,15.432,0.1,0.25,None,None,False,False
positive,bufflehead at 8 to 11 seconds.mp3,1235cd6fc626b70e15aca8af3ea9fba52e8395f1e16f2b8f14e8c4d675383892,855179b158dbefd0d2f19263c5486d57adf4dcd00eb19e17ea010d4b5b4c4b3a,15.432,0.1,0.5,None,None,False,False
positive,bufflehead at 8 to 11 seconds.mp3,1235cd6fc626b70e15aca8af3ea9fba52e8395f1e16f2b8f14e8c4d675383892,855179b158dbefd0d2f19263c5486d57adf4dcd00eb19e17ea010d4b5b4c4b3a,15.431999999999999,0.1,0.75,None,None,False,False
positive,bufflehead at 8 to 11 seconds.mp3,1235cd6fc626b70e15aca8af3ea9fba52e8395f1e16f2b8f14e8c4d675383892,855179b158dbefd0d2f19263c5486d57adf4dcd00eb19e17ea010d4b5b4c4b3a,15.432,1,0.25,None,None,False,False
positive,bufflehead at 8 to 11 seconds.mp3,1235cd6fc626b70e15aca8af3ea9fba52e8395f1e16f2b8f14e8c4d675383892,855179b158dbefd0d2f19263c5486d57adf4dcd00eb19e17ea010d4b5b4c4b3a,15.432,1,0.5,None,None,False,False
positive,bufflehead at 8 to 11 seconds.mp3,1235cd6fc626b70e15aca8af3ea9fba52e8395f1e16f2b8f14e8c4d675383892,855179b158dbefd0d2f19263c5486d57adf4dcd00eb19e17ea010d4b5b4c4b3a,15.431999999999999,1,0.75,None,None,False,False
positive,bufflehead at 8 to 11 seconds.mp3,1235cd6fc626b70e15aca8af3ea9fba52e8395f1e16f2b8f14e8c4d675383892,855179b158dbefd0d2f19263c5486d57adf4dcd00eb19e17ea010d4b5b4c4b3a,15.432,3,0,None,None,False,False
positive,bufflehead at 8 to 11 seconds.mp3,1235cd6fc626b70e15aca8af3ea9fba52e8395f1e16f2b8f14e8c4d675383892,855179b158dbefd0d2f19263c5486d57adf4dcd00eb19e17ea010d4b5b4c4b3a,15.432,3,0.25,None,None,False,False
positive,bufflehead at 8 to 11 seconds.mp3,1235cd6fc626b70e15aca8af3ea9fba52e8395f1e16f2b8f14e8c4d675383892,855179b158dbefd0d2f19263c5486d57adf4dcd00eb19e17ea010d4b5b4c4b3a,15.432,3,0.5,None,None,False,False
positive,bufflehead at 8 to 11 seconds.mp3,1235cd6fc626b70e15aca8af3ea9fba52e8395f1e16f2b8f14e8c4d675383892,855179b158dbefd0d2f19263c5486d57adf4dcd00eb19e17ea010d4b5b4c4b3a,15.431999999999999,3,0.75,None,None,False,False
positive,common loon at 2 to 10 seconds.mp3,89a47638d741ca3cf7cce18b214a424ba65a1b13eaa7f682718d053f967479af,9b4cd0e94a9f85a221fb12d12590539c0159c6e094f4cb3f7ed1a7eac3a0d4e5,16.296,0.1,0,1-5; 5.5-8.5,1-4.75; 5.5-8.5,True,True
positive,common loon at 2 to 10 seconds.mp3,89a47638d741ca3cf7cce18b214a424ba65a1b13eaa7f682718d053f967479af,9b4cd0e94a9f85a221fb12d12590539c0159c6e094f4cb3f7ed1a7eac3a0d4e5,16.296,0.1,0.25,1.25-5.25; 5.75-8.75,1.25-5; 5.75-8.75,True,True
positive,common loon at 2 to 10 seconds.mp3,89a47638d741ca3cf7cce18b214a424ba65a1b13eaa7f682718d053f967479af,9b4cd0e94a9f85a221fb12d12590539c0159c6e094f4cb3f7ed1a7eac3a0d4e5,16.296,0.1,0.5,1.5-5.5; 6-9,1.5-5.25; 6-9,True,True
positive,common loon at 2 to 10 seconds.mp3,89a47638d741ca3cf7cce18b214a424ba65a1b13eaa7f682718d053f967479af,9b4cd0e94a9f85a221fb12d12590539c0159c6e094f4cb3f7ed1a7eac3a0d4e5,16.296,0.1,0.75,1.75-5.75; 6.25-9.25,1.75-5.5; 6.25-9.25,True,True
positive,common loon at 2 to 10 seconds.mp3,89a47638d741ca3cf7cce18b214a424ba65a1b13eaa7f682718d053f967479af,9b4cd0e94a9f85a221fb12d12590539c0159c6e094f4cb3f7ed1a7eac3a0d4e5,16.296,1,0.25,1.25-5.25; 5.75-8.75,1.25-5; 5.75-8.75,True,True
positive,common loon at 2 to 10 seconds.mp3,89a47638d741ca3cf7cce18b214a424ba65a1b13eaa7f682718d053f967479af,9b4cd0e94a9f85a221fb12d12590539c0159c6e094f4cb3f7ed1a7eac3a0d4e5,16.296,1,0.5,1.5-5.5; 6-9,1.5-5.25; 6-9,True,True
positive,common loon at 2 to 10 seconds.mp3,89a47638d741ca3cf7cce18b214a424ba65a1b13eaa7f682718d053f967479af,9b4cd0e94a9f85a221fb12d12590539c0159c6e094f4cb3f7ed1a7eac3a0d4e5,16.296,1,0.75,1.75-5.75; 6.25-9.25,1.75-5.5; 6.25-9.25,True,True
positive,common loon at 2 to 10 seconds.mp3,89a47638d741ca3cf7cce18b214a424ba65a1b13eaa7f682718d053f967479af,9b4cd0e94a9f85a221fb12d12590539c0159c6e094f4cb3f7ed1a7eac3a0d4e5,16.296,3,0,1-5; 5.5-8.5,1-4.75; 5.5-8.5,True,True
positive,common loon at 2 to 10 seconds.mp3,89a47638d741ca3cf7cce18b214a424ba65a1b13eaa7f682718d053f967479af,9b4cd0e94a9f85a221fb12d12590539c0159c6e094f4cb3f7ed1a7eac3a0d4e5,16.296,3,0.25,1.25-5.25; 5.75-8.75,1.25-5; 5.75-8.75,True,True
positive,common loon at 2 to 10 seconds.mp3,89a47638d741ca3cf7cce18b214a424ba65a1b13eaa7f682718d053f967479af,9b4cd0e94a9f85a221fb12d12590539c0159c6e094f4cb3f7ed1a7eac3a0d4e5,16.296,3,0.5,1.5-5.5; 6-9,1.5-5.25; 6-9,True,True
positive,common loon at 2 to 10 seconds.mp3,89a47638d741ca3cf7cce18b214a424ba65a1b13eaa7f682718d053f967479af,9b4cd0e94a9f85a221fb12d12590539c0159c6e094f4cb3f7ed1a7eac3a0d4e5,16.296,3,0.75,1.75-5.75; 6.25-9.25,1.75-5.5; 6.25-9.25,True,True
positive,common merganser at 3.7 to 6.7 seconds.mp3,27b6998ca344be67d69bb1b4a3018b4112892978933dcbf7adc1b7553716f6d1,c87b8183f27983e0d8cf90ef711ef3450fccc84cf4f6e7ace544dbaeba3a1fbc,6.672,0.1,0,4-6,4-6,True,True
positive,common merganser at 3.7 to 6.7 seconds.mp3,27b6998ca344be67d69bb1b4a3018b4112892978933dcbf7adc1b7553716f6d1,c87b8183f27983e0d8cf90ef711ef3450fccc84cf4f6e7ace544dbaeba3a1fbc,6.672,0.1,0.25,4.25-6.25,4.25-6.25,True,True
positive,common merganser at 3.7 to 6.7 seconds.mp3,27b6998ca344be67d69bb1b4a3018b4112892978933dcbf7adc1b7553716f6d1,c87b8183f27983e0d8cf90ef711ef3450fccc84cf4f6e7ace544dbaeba3a1fbc,6.672,0.1,0.5,4.5-6.5,4.5-6.5,True,True
positive,common merganser at 3.7 to 6.7 seconds.mp3,27b6998ca344be67d69bb1b4a3018b4112892978933dcbf7adc1b7553716f6d1,c87b8183f27983e0d8cf90ef711ef3450fccc84cf4f6e7ace544dbaeba3a1fbc,6.672,0.1,0.75,4.75-6.75,4.75-6.75,True,True
positive,common merganser at 3.7 to 6.7 seconds.mp3,27b6998ca344be67d69bb1b4a3018b4112892978933dcbf7adc1b7553716f6d1,c87b8183f27983e0d8cf90ef711ef3450fccc84cf4f6e7ace544dbaeba3a1fbc,6.672,1,0.25,4.25-6.25,4.25-6.25,True,True
positive,common merganser at 3.7 to 6.7 seconds.mp3,27b6998ca344be67d69bb1b4a3018b4112892978933dcbf7adc1b7553716f6d1,c87b8183f27983e0d8cf90ef711ef3450fccc84cf4f6e7ace544dbaeba3a1fbc,6.672,1,0.5,4.5-6.5,4.5-6.5,True,True
positive,common merganser at 3.7 to 6.7 seconds.mp3,27b6998ca344be67d69bb1b4a3018b4112892978933dcbf7adc1b7553716f6d1,c87b8183f27983e0d8cf90ef711ef3450fccc84cf4f6e7ace544dbaeba3a1fbc,6.672,1,0.75,4.75-6.75,4.75-6.75,True,True
positive,common merganser at 3.7 to 6.7 seconds.mp3,27b6998ca344be67d69bb1b4a3018b4112892978933dcbf7adc1b7553716f6d1,c87b8183f27983e0d8cf90ef711ef3450fccc84cf4f6e7ace544dbaeba3a1fbc,6.672,3,0,4-6,4-6,True,True
positive,common merganser at 3.7 to 6.7 seconds.mp3,27b6998ca344be67d69bb1b4a3018b4112892978933dcbf7adc1b7553716f6d1,c87b8183f27983e0d8cf90ef711ef3450fccc84cf4f6e7ace544dbaeba3a1fbc,6.672,3,0.25,4.25-6.25,4.25-6.25,True,True
positive,common merganser at 3.7 to 6.7 seconds.mp3,27b6998ca344be67d69bb1b4a3018b4112892978933dcbf7adc1b7553716f6d1,c87b8183f27983e0d8cf90ef711ef3450fccc84cf4f6e7ace544dbaeba3a1fbc,6.672,3,0.5,4.5-6.5,4.5-6.5,True,True
positive,common merganser at 3.7 to 6.7 seconds.mp3,27b6998ca344be67d69bb1b4a3018b4112892978933dcbf7adc1b7553716f6d1,c87b8183f27983e0d8cf90ef711ef3450fccc84cf4f6e7ace544dbaeba3a1fbc,6.672,3,0.75,4.75-6.75,4.75-6.75,True,True
positive,double-crested cormorant at 1.5 to 7 seconds.mp3,c4ef332c506823e0ee713abc43a0329265c660406acca67d26ee4cf08bfca2e2,0ea78b1263e0ba8dcef86d1c1d912333ba61b3961cbe4bf94daf7df9edba58b2,8.184,0.1,0,1.25-7,1.25-7,True,True
positive,double-crested cormorant at 1.5 to 7 seconds.mp3,c4ef332c506823e0ee713abc43a0329265c660406acca67d26ee4cf08bfca2e2,0ea78b1263e0ba8dcef86d1c1d912333ba61b3961cbe4bf94daf7df9edba58b2,8.184,0.1,0.25,1.5-7.25,1.5-7.25,True,True
positive,double-crested cormorant at 1.5 to 7 seconds.mp3,c4ef332c506823e0ee713abc43a0329265c660406acca67d26ee4cf08bfca2e2,0ea78b1263e0ba8dcef86d1c1d912333ba61b3961cbe4bf94daf7df9edba58b2,8.184,0.1,0.5,1.75-7.5,1.75-7.5,True,True
positive,double-crested cormorant at 1.5 to 7 seconds.mp3,c4ef332c506823e0ee713abc43a0329265c660406acca67d26ee4cf08bfca2e2,0ea78b1263e0ba8dcef86d1c1d912333ba61b3961cbe4bf94daf7df9edba58b2,8.184,0.1,0.75,2-7.75,2-7.75,True,True
positive,double-crested cormorant at 1.5 to 7 seconds.mp3,c4ef332c506823e0ee713abc43a0329265c660406acca67d26ee4cf08bfca2e2,0ea78b1263e0ba8dcef86d1c1d912333ba61b3961cbe4bf94daf7df9edba58b2,8.184,1,0.25,1.5-7.25,1.5-7.25,True,True
positive,double-crested cormorant at 1.5 to 7 seconds.mp3,c4ef332c506823e0ee713abc43a0329265c660406acca67d26ee4cf08bfca2e2,0ea78b1263e0ba8dcef86d1c1d912333ba61b3961cbe4bf94daf7df9edba58b2,8.184,1,0.5,1.75-7.5,1.75-7.5,True,True
positive,double-crested cormorant at 1.5 to 7 seconds.mp3,c4ef332c506823e0ee713abc43a0329265c660406acca67d26ee4cf08bfca2e2,0ea78b1263e0ba8dcef86d1c1d912333ba61b3961cbe4bf94daf7df9edba58b2,8.184,1,0.75,2-7.75,2-7.75,True,True
positive,double-crested cormorant at 1.5 to 7 seconds.mp3,c4ef332c506823e0ee713abc43a0329265c660406acca67d26ee4cf08bfca2e2,0ea78b1263e0ba8dcef86d1c1d912333ba61b3961cbe4bf94daf7df9edba58b2,8.184,3,0,1.25-7,1.25-7,True,True
positive,double-crested cormorant at 1.5 to 7 seconds.mp3,c4ef332c506823e0ee713abc43a0329265c660406acca67d26ee4cf08bfca2e2,0ea78b1263e0ba8dcef86d1c1d912333ba61b3961cbe4bf94daf7df9edba58b2,8.184,3,0.25,1.5-7.25,1.5-7.25,True,True
positive,double-crested cormorant at 1.5 to 7 seconds.mp3,c4ef332c506823e0ee713abc43a0329265c660406acca67d26ee4cf08bfca2e2,0ea78b1263e0ba8dcef86d1c1d912333ba61b3961cbe4bf94daf7df9edba58b2,8.184,3,0.5,1.75-7.5,1.75-7.5,True,True
positive,double-crested cormorant at 1.5 to 7 seconds.mp3,c4ef332c506823e0ee713abc43a0329265c660406acca67d26ee4cf08bfca2e2,0ea78b1263e0ba8dcef86d1c1d912333ba61b3961cbe4bf94daf7df9edba58b2,8.184,3,0.75,2-7.75,2-7.75,True,True
positive,great blue heron 3.5 to 13 seconds.mp3,1ec2ece04c66952a7f0635edae6c5d34cfba006d4dd21a13250b2af32606ffec,57d028a671f589eabb9f74c10ff6be9a2c418d7fd232e38e5403a62d7ed02a6d,15.504,0.1,0,3.25-12.75,3.25-12.75,True,True
positive,great blue heron 3.5 to 13 seconds.mp3,1ec2ece04c66952a7f0635edae6c5d34cfba006d4dd21a13250b2af32606ffec,57d028a671f589eabb9f74c10ff6be9a2c418d7fd232e38e5403a62d7ed02a6d,15.504,0.1,0.25,3.5-13,3.5-13,True,True
positive,great blue heron 3.5 to 13 seconds.mp3,1ec2ece04c66952a7f0635edae6c5d34cfba006d4dd21a13250b2af32606ffec,57d028a671f589eabb9f74c10ff6be9a2c418d7fd232e38e5403a62d7ed02a6d,15.504000000000001,0.1,0.5,3.75-13.25,3.75-13.25,True,True
positive,great blue heron 3.5 to 13 seconds.mp3,1ec2ece04c66952a7f0635edae6c5d34cfba006d4dd21a13250b2af32606ffec,57d028a671f589eabb9f74c10ff6be9a2c418d7fd232e38e5403a62d7ed02a6d,15.504000000000001,0.1,0.75,4-13.5,4-13.5,True,True
positive,great blue heron 3.5 to 13 seconds.mp3,1ec2ece04c66952a7f0635edae6c5d34cfba006d4dd21a13250b2af32606ffec,57d028a671f589eabb9f74c10ff6be9a2c418d7fd232e38e5403a62d7ed02a6d,15.504,1,0.25,3.5-13,3.5-13,True,True
positive,great blue heron 3.5 to 13 seconds.mp3,1ec2ece04c66952a7f0635edae6c5d34cfba006d4dd21a13250b2af32606ffec,57d028a671f589eabb9f74c10ff6be9a2c418d7fd232e38e5403a62d7ed02a6d,15.504000000000001,1,0.5,3.75-13.25,3.75-13.25,True,True
positive,great blue heron 3.5 to 13 seconds.mp3,1ec2ece04c66952a7f0635edae6c5d34cfba006d4dd21a13250b2af32606ffec,57d028a671f589eabb9f74c10ff6be9a2c418d7fd232e38e5403a62d7ed02a6d,15.504000000000001,1,0.75,4-13.5,4-13.5,True,True
positive,great blue heron 3.5 to 13 seconds.mp3,1ec2ece04c66952a7f0635edae6c5d34cfba006d4dd21a13250b2af32606ffec,57d028a671f589eabb9f74c10ff6be9a2c418d7fd232e38e5403a62d7ed02a6d,15.504,3,0,3.25-12.75,3.25-12.75,True,True
positive,great blue heron 3.5 to 13 seconds.mp3,1ec2ece04c66952a7f0635edae6c5d34cfba006d4dd21a13250b2af32606ffec,57d028a671f589eabb9f74c10ff6be9a2c418d7fd232e38e5403a62d7ed02a6d,15.504,3,0.25,3.5-13,3.5-13,True,True
positive,great blue heron 3.5 to 13 seconds.mp3,1ec2ece04c66952a7f0635edae6c5d34cfba006d4dd21a13250b2af32606ffec,57d028a671f589eabb9f74c10ff6be9a2c418d7fd232e38e5403a62d7ed02a6d,15.504000000000001,3,0.5,3.75-13.25,3.75-13.25,True,True
positive,great blue heron 3.5 to 13 seconds.mp3,1ec2ece04c66952a7f0635edae6c5d34cfba006d4dd21a13250b2af32606ffec,57d028a671f589eabb9f74c10ff6be9a2c418d7fd232e38e5403a62d7ed02a6d,15.504000000000001,3,0.75,4-13.5,4-13.5,True,True
positive,green heron faint 7.3 to 9 seconds.mp3,04180025348c26352ebb2c17e306eb80800bea07bc5a06fd4d06f9af7274a110,165da6a86fad17257e6d0101517ae18bf1f3916376a35018414338cf1abcb965,13.392,0.1,0,6.5-9.5,6.5-9.5,True,True
positive,green heron faint 7.3 to 9 seconds.mp3,04180025348c26352ebb2c17e306eb80800bea07bc5a06fd4d06f9af7274a110,165da6a86fad17257e6d0101517ae18bf1f3916376a35018414338cf1abcb965,13.392,0.1,0.25,6.75-10,6.75-10,True,True
positive,green heron faint 7.3 to 9 seconds.mp3,04180025348c26352ebb2c17e306eb80800bea07bc5a06fd4d06f9af7274a110,165da6a86fad17257e6d0101517ae18bf1f3916376a35018414338cf1abcb965,13.392,0.1,0.5,7-10,7-10,True,True
positive,green heron faint 7.3 to 9 seconds.mp3,04180025348c26352ebb2c17e306eb80800bea07bc5a06fd4d06f9af7274a110,165da6a86fad17257e6d0101517ae18bf1f3916376a35018414338cf1abcb965,13.392,0.1,0.75,7.25-10.25,7.25-10.25,True,True
positive,green heron faint 7.3 to 9 seconds.mp3,04180025348c26352ebb2c17e306eb80800bea07bc5a06fd4d06f9af7274a110,165da6a86fad17257e6d0101517ae18bf1f3916376a35018414338cf1abcb965,13.392,1,0.25,6.75-10,6.75-10,True,True
positive,green heron faint 7.3 to 9 seconds.mp3,04180025348c26352ebb2c17e306eb80800bea07bc5a06fd4d06f9af7274a110,165da6a86fad17257e6d0101517ae18bf1f3916376a35018414338cf1abcb965,13.392,1,0.5,7-10,7-10,True,True
positive,green heron faint 7.3 to 9 seconds.mp3,04180025348c26352ebb2c17e306eb80800bea07bc5a06fd4d06f9af7274a110,165da6a86fad17257e6d0101517ae18bf1f3916376a35018414338cf1abcb965,13.392,1,0.75,7.25-10.25,7.25-10.25,True,True
positive,green heron faint 7.3 to 9 seconds.mp3,04180025348c26352ebb2c17e306eb80800bea07bc5a06fd4d06f9af7274a110,165da6a86fad17257e6d0101517ae18bf1f3916376a35018414338cf1abcb965,13.392,3,0,6.5-9.5,6.5-9.5,True,True
positive,green heron faint 7.3 to 9 seconds.mp3,04180025348c26352ebb2c17e306eb80800bea07bc5a06fd4d06f9af7274a110,165da6a86fad17257e6d0101517ae18bf1f3916376a35018414338cf1abcb965,13.392,3,0.25,6.75-10,6.75-10,True,True
positive,green heron faint 7.3 to 9 seconds.mp3,04180025348c26352ebb2c17e306eb80800bea07bc5a06fd4d06f9af7274a110,165da6a86fad17257e6d0101517ae18bf1f3916376a35018414338cf1abcb965,13.392,3,0.5,7-10,7-10,True,True
positive,green heron faint 7.3 to 9 seconds.mp3,04180025348c26352ebb2c17e306eb80800bea07bc5a06fd4d06f9af7274a110,165da6a86fad17257e6d0101517ae18bf1f3916376a35018414338cf1abcb965,13.392,3,0.75,7.25-10.25,7.25-10.25,True,True
positive,green-winged teal faint with vocalization whole file quiet to louder.mp3,21b64a3fb8c0e4d1a595f81cdc9d2103945e6b86d71641ab8bba1212e7fa1665,47e162bdbd660fc42db7ccf1cc3be98ca39d8837aca00c2a3856c98c2569c219,10.392,0.1,0,4.5-6.25; 6.5-9,4.5-6.25; 6.5-9,True,True
positive,green-winged teal faint with vocalization whole file quiet to louder.mp3,21b64a3fb8c0e4d1a595f81cdc9d2103945e6b86d71641ab8bba1212e7fa1665,47e162bdbd660fc42db7ccf1cc3be98ca39d8837aca00c2a3856c98c2569c219,10.392,0.1,0.25,4.75-6.5; 6.75-9.25,4.75-6.5; 6.75-9.25,True,True
positive,green-winged teal faint with vocalization whole file quiet to louder.mp3,21b64a3fb8c0e4d1a595f81cdc9d2103945e6b86d71641ab8bba1212e7fa1665,47e162bdbd660fc42db7ccf1cc3be98ca39d8837aca00c2a3856c98c2569c219,10.392,0.1,0.5,5-6.75; 7-9.5,5-6.75; 7-9.5,True,True
positive,green-winged teal faint with vocalization whole file quiet to louder.mp3,21b64a3fb8c0e4d1a595f81cdc9d2103945e6b86d71641ab8bba1212e7fa1665,47e162bdbd660fc42db7ccf1cc3be98ca39d8837aca00c2a3856c98c2569c219,10.392,0.1,0.75,5.25-7; 7.25-9.75,5.25-7; 7.25-9.75,True,True
positive,green-winged teal faint with vocalization whole file quiet to louder.mp3,21b64a3fb8c0e4d1a595f81cdc9d2103945e6b86d71641ab8bba1212e7fa1665,47e162bdbd660fc42db7ccf1cc3be98ca39d8837aca00c2a3856c98c2569c219,10.392,1,0.25,4.75-6.5; 6.75-9.25,4.75-6.5; 6.75-9.25,True,True
positive,green-winged teal faint with vocalization whole file quiet to louder.mp3,21b64a3fb8c0e4d1a595f81cdc9d2103945e6b86d71641ab8bba1212e7fa1665,47e162bdbd660fc42db7ccf1cc3be98ca39d8837aca00c2a3856c98c2569c219,10.392,1,0.5,5-6.75; 7-9.5,5-6.75; 7-9.5,True,True
positive,green-winged teal faint with vocalization whole file quiet to louder.mp3,21b64a3fb8c0e4d1a595f81cdc9d2103945e6b86d71641ab8bba1212e7fa1665,47e162bdbd660fc42db7ccf1cc3be98ca39d8837aca00c2a3856c98c2569c219,10.392,1,0.75,5.25-7; 7.25-9.75,5.25-7; 7.25-9.75,True,True
positive,green-winged teal faint with vocalization whole file quiet to louder.mp3,21b64a3fb8c0e4d1a595f81cdc9d2103945e6b86d71641ab8bba1212e7fa1665,47e162bdbd660fc42db7ccf1cc3be98ca39d8837aca00c2a3856c98c2569c219,10.392,3,0,4.5-6.25; 6.5-9,4.5-6.25; 6.5-9,True,True
positive,green-winged teal faint with vocalization whole file quiet to louder.mp3,21b64a3fb8c0e4d1a595f81cdc9d2103945e6b86d71641ab8bba1212e7fa1665,47e162bdbd660fc42db7ccf1cc3be98ca39d8837aca00c2a3856c98c2569c219,10.392,3,0.25,4.75-6.5; 6.75-9.25,4.75-6.5; 6.75-9.25,True,True
positive,green-winged teal faint with vocalization whole file quiet to louder.mp3,21b64a3fb8c0e4d1a595f81cdc9d2103945e6b86d71641ab8bba1212e7fa1665,47e162bdbd660fc42db7ccf1cc3be98ca39d8837aca00c2a3856c98c2569c219,10.392,3,0.5,5-6.75; 7-9.5,5-6.75; 7-9.5,True,True
positive,green-winged teal faint with vocalization whole file quiet to louder.mp3,21b64a3fb8c0e4d1a595f81cdc9d2103945e6b86d71641ab8bba1212e7fa1665,47e162bdbd660fc42db7ccf1cc3be98ca39d8837aca00c2a3856c98c2569c219,10.392,3,0.75,5.25-7; 7.25-9.75,5.25-7; 7.25-9.75,True,True
positive,mallard wing whistle.mp3,048b0b7f70f82d16fe00f5e59180a157b1e2d7d9b0756ce7d79bacb67abf54c5,be5bea3a405c65012a94bd07da0c69ed627c2f93ceb2e5b3fc13ef0f565bea5c,4.272,0.1,0,0-3,0.25-2.5,True,True
positive,mallard wing whistle.mp3,048b0b7f70f82d16fe00f5e59180a157b1e2d7d9b0756ce7d79bacb67abf54c5,be5bea3a405c65012a94bd07da0c69ed627c2f93ceb2e5b3fc13ef0f565bea5c,4.272,0.1,0.25,0.25-3.25,0.5-2.75,True,True
positive,mallard wing whistle.mp3,048b0b7f70f82d16fe00f5e59180a157b1e2d7d9b0756ce7d79bacb67abf54c5,be5bea3a405c65012a94bd07da0c69ed627c2f93ceb2e5b3fc13ef0f565bea5c,4.272,0.1,0.5,0.5-3.5,0.75-3,True,True
positive,mallard wing whistle.mp3,048b0b7f70f82d16fe00f5e59180a157b1e2d7d9b0756ce7d79bacb67abf54c5,be5bea3a405c65012a94bd07da0c69ed627c2f93ceb2e5b3fc13ef0f565bea5c,4.272,0.1,0.75,0.75-3.75,1-3.25,True,True
positive,mallard wing whistle.mp3,048b0b7f70f82d16fe00f5e59180a157b1e2d7d9b0756ce7d79bacb67abf54c5,be5bea3a405c65012a94bd07da0c69ed627c2f93ceb2e5b3fc13ef0f565bea5c,4.272,1,0.25,0.25-3.25,0.5-2.75,True,True
positive,mallard wing whistle.mp3,048b0b7f70f82d16fe00f5e59180a157b1e2d7d9b0756ce7d79bacb67abf54c5,be5bea3a405c65012a94bd07da0c69ed627c2f93ceb2e5b3fc13ef0f565bea5c,4.272,1,0.5,0.5-3.5,0.75-3,True,True
positive,mallard wing whistle.mp3,048b0b7f70f82d16fe00f5e59180a157b1e2d7d9b0756ce7d79bacb67abf54c5,be5bea3a405c65012a94bd07da0c69ed627c2f93ceb2e5b3fc13ef0f565bea5c,4.272,1,0.75,0.75-3.75,1-3.25,True,True
positive,mallard wing whistle.mp3,048b0b7f70f82d16fe00f5e59180a157b1e2d7d9b0756ce7d79bacb67abf54c5,be5bea3a405c65012a94bd07da0c69ed627c2f93ceb2e5b3fc13ef0f565bea5c,4.272,3,0,0-3,0.25-2.5,True,True
positive,mallard wing whistle.mp3,048b0b7f70f82d16fe00f5e59180a157b1e2d7d9b0756ce7d79bacb67abf54c5,be5bea3a405c65012a94bd07da0c69ed627c2f93ceb2e5b3fc13ef0f565bea5c,4.272,3,0.25,0.25-3.25,0.5-2.75,True,True
positive,mallard wing whistle.mp3,048b0b7f70f82d16fe00f5e59180a157b1e2d7d9b0756ce7d79bacb67abf54c5,be5bea3a405c65012a94bd07da0c69ed627c2f93ceb2e5b3fc13ef0f565bea5c,4.272,3,0.5,0.5-3.5,0.75-3,True,True
positive,mallard wing whistle.mp3,048b0b7f70f82d16fe00f5e59180a157b1e2d7d9b0756ce7d79bacb67abf54c5,be5bea3a405c65012a94bd07da0c69ed627c2f93ceb2e5b3fc13ef0f565bea5c,4.272,3,0.75,0.75-3.75,1-3.25,True,True
positive,mallard wingbeats and quacks .2 to 10.4 seconds.mp3,d759dc3ed08aaad70ae195cc3ba31d767de0d5cbef6f6899c372c3bf7a762cfd,0067ce98144174256ae45b0e4f9c9184c2c89c3219deece7aa98556d07098ec6,13.056,0.1,0,0.75-9.25,0.75-9.25,True,True
positive,mallard wingbeats and quacks .2 to 10.4 seconds.mp3,d759dc3ed08aaad70ae195cc3ba31d767de0d5cbef6f6899c372c3bf7a762cfd,0067ce98144174256ae45b0e4f9c9184c2c89c3219deece7aa98556d07098ec6,13.056,0.1,0.25,1-9.5,1-9.5,True,True
positive,mallard wingbeats and quacks .2 to 10.4 seconds.mp3,d759dc3ed08aaad70ae195cc3ba31d767de0d5cbef6f6899c372c3bf7a762cfd,0067ce98144174256ae45b0e4f9c9184c2c89c3219deece7aa98556d07098ec6,13.056,0.1,0.5,1.25-9.75,1.25-9.75,True,True
positive,mallard wingbeats and quacks .2 to 10.4 seconds.mp3,d759dc3ed08aaad70ae195cc3ba31d767de0d5cbef6f6899c372c3bf7a762cfd,0067ce98144174256ae45b0e4f9c9184c2c89c3219deece7aa98556d07098ec6,13.056,0.1,0.75,1.5-10,1.5-10,True,True
positive,mallard wingbeats and quacks .2 to 10.4 seconds.mp3,d759dc3ed08aaad70ae195cc3ba31d767de0d5cbef6f6899c372c3bf7a762cfd,0067ce98144174256ae45b0e4f9c9184c2c89c3219deece7aa98556d07098ec6,13.056,1,0.25,1-9.5,1-9.5,True,True
positive,mallard wingbeats and quacks .2 to 10.4 seconds.mp3,d759dc3ed08aaad70ae195cc3ba31d767de0d5cbef6f6899c372c3bf7a762cfd,0067ce98144174256ae45b0e4f9c9184c2c89c3219deece7aa98556d07098ec6,13.056,1,0.5,1.25-9.75,1.25-9.75,True,True
positive,mallard wingbeats and quacks .2 to 10.4 seconds.mp3,d759dc3ed08aaad70ae195cc3ba31d767de0d5cbef6f6899c372c3bf7a762cfd,0067ce98144174256ae45b0e4f9c9184c2c89c3219deece7aa98556d07098ec6,13.056,1,0.75,1.5-10,1.5-10,True,True
positive,mallard wingbeats and quacks .2 to 10.4 seconds.mp3,d759dc3ed08aaad70ae195cc3ba31d767de0d5cbef6f6899c372c3bf7a762cfd,0067ce98144174256ae45b0e4f9c9184c2c89c3219deece7aa98556d07098ec6,13.056,3,0,0.75-9.25,0.75-9.25,True,True
positive,mallard wingbeats and quacks .2 to 10.4 seconds.mp3,d759dc3ed08aaad70ae195cc3ba31d767de0d5cbef6f6899c372c3bf7a762cfd,0067ce98144174256ae45b0e4f9c9184c2c89c3219deece7aa98556d07098ec6,13.056,3,0.25,1-9.5,1-9.5,True,True
positive,mallard wingbeats and quacks .2 to 10.4 seconds.mp3,d759dc3ed08aaad70ae195cc3ba31d767de0d5cbef6f6899c372c3bf7a762cfd,0067ce98144174256ae45b0e4f9c9184c2c89c3219deece7aa98556d07098ec6,13.056,3,0.5,1.25-9.75,1.25-9.75,True,True
positive,mallard wingbeats and quacks .2 to 10.4 seconds.mp3,d759dc3ed08aaad70ae195cc3ba31d767de0d5cbef6f6899c372c3bf7a762cfd,0067ce98144174256ae45b0e4f9c9184c2c89c3219deece7aa98556d07098ec6,13.056,3,0.75,1.5-10,1.5-10,True,True
positive,mute swan 2 seconds to 8 seconds.mp3,ade4326f196fc1dcd1f67e2d5b438bfae2de336d595fe399a34b8aa05384d23a,c9bd96b8222f503e2ef6d84cb45bad63584be034b83f63e8a8c50924af9bd0fb,22.296,0.1,0,1.75-12.25,1.75-12.25,True,True
positive,mute swan 2 seconds to 8 seconds.mp3,ade4326f196fc1dcd1f67e2d5b438bfae2de336d595fe399a34b8aa05384d23a,c9bd96b8222f503e2ef6d84cb45bad63584be034b83f63e8a8c50924af9bd0fb,22.296,0.1,0.25,2-12.5,2-12.5,True,True
positive,mute swan 2 seconds to 8 seconds.mp3,ade4326f196fc1dcd1f67e2d5b438bfae2de336d595fe399a34b8aa05384d23a,c9bd96b8222f503e2ef6d84cb45bad63584be034b83f63e8a8c50924af9bd0fb,22.296,0.1,0.5,2.25-13,2.25-13,True,True
positive,mute swan 2 seconds to 8 seconds.mp3,ade4326f196fc1dcd1f67e2d5b438bfae2de336d595fe399a34b8aa05384d23a,c9bd96b8222f503e2ef6d84cb45bad63584be034b83f63e8a8c50924af9bd0fb,22.296,0.1,0.75,2.5-13,2.5-13,True,True
positive,mute swan 2 seconds to 8 seconds.mp3,ade4326f196fc1dcd1f67e2d5b438bfae2de336d595fe399a34b8aa05384d23a,c9bd96b8222f503e2ef6d84cb45bad63584be034b83f63e8a8c50924af9bd0fb,22.296,1,0.25,2-12.5,2-12.5,True,True
positive,mute swan 2 seconds to 8 seconds.mp3,ade4326f196fc1dcd1f67e2d5b438bfae2de336d595fe399a34b8aa05384d23a,c9bd96b8222f503e2ef6d84cb45bad63584be034b83f63e8a8c50924af9bd0fb,22.296,1,0.5,2.25-13,2.25-13,True,True
positive,mute swan 2 seconds to 8 seconds.mp3,ade4326f196fc1dcd1f67e2d5b438bfae2de336d595fe399a34b8aa05384d23a,c9bd96b8222f503e2ef6d84cb45bad63584be034b83f63e8a8c50924af9bd0fb,22.296,1,0.75,2.5-13,2.5-13,True,True
positive,mute swan 2 seconds to 8 seconds.mp3,ade4326f196fc1dcd1f67e2d5b438bfae2de336d595fe399a34b8aa05384d23a,c9bd96b8222f503e2ef6d84cb45bad63584be034b83f63e8a8c50924af9bd0fb,22.296,3,0,1.75-12.25,1.75-12.25,True,True
positive,mute swan 2 seconds to 8 seconds.mp3,ade4326f196fc1dcd1f67e2d5b438bfae2de336d595fe399a34b8aa05384d23a,c9bd96b8222f503e2ef6d84cb45bad63584be034b83f63e8a8c50924af9bd0fb,22.296,3,0.25,2-12.5,2-12.5,True,True
positive,mute swan 2 seconds to 8 seconds.mp3,ade4326f196fc1dcd1f67e2d5b438bfae2de336d595fe399a34b8aa05384d23a,c9bd96b8222f503e2ef6d84cb45bad63584be034b83f63e8a8c50924af9bd0fb,22.296,3,0.5,2.25-13,2.25-13,True,True
positive,mute swan 2 seconds to 8 seconds.mp3,ade4326f196fc1dcd1f67e2d5b438bfae2de336d595fe399a34b8aa05384d23a,c9bd96b8222f503e2ef6d84cb45bad63584be034b83f63e8a8c50924af9bd0fb,22.296,3,0.75,2.5-13,2.5-13,True,True
positive,ruddy duck .1 to 6.5 seconds.mp3,66b7586d358b4cfe476c50c5bf396dac3fabefeac32575b5b3007dd2325df632,40047e743e70e857dd0eb76c87d0f5820c33b314189eee6beae8fac7f540e936,14.976,0.1,0,1.75-3.25,1.75-3.25,True,True
positive,ruddy duck .1 to 6.5 seconds.mp3,66b7586d358b4cfe476c50c5bf396dac3fabefeac32575b5b3007dd2325df632,40047e743e70e857dd0eb76c87d0f5820c33b314189eee6beae8fac7f540e936,14.976,0.1,0.25,2-3.5,2-3.5,True,True
positive,ruddy duck .1 to 6.5 seconds.mp3,66b7586d358b4cfe476c50c5bf396dac3fabefeac32575b5b3007dd2325df632,40047e743e70e857dd0eb76c87d0f5820c33b314189eee6beae8fac7f540e936,14.976,0.1,0.5,2.25-3.75,2.25-3.75,True,True
positive,ruddy duck .1 to 6.5 seconds.mp3,66b7586d358b4cfe476c50c5bf396dac3fabefeac32575b5b3007dd2325df632,40047e743e70e857dd0eb76c87d0f5820c33b314189eee6beae8fac7f540e936,14.976,0.1,0.75,2.5-4,2.5-4,True,True
positive,ruddy duck .1 to 6.5 seconds.mp3,66b7586d358b4cfe476c50c5bf396dac3fabefeac32575b5b3007dd2325df632,40047e743e70e857dd0eb76c87d0f5820c33b314189eee6beae8fac7f540e936,14.976,1,0.25,2-3.5,2-3.5,True,True
positive,ruddy duck .1 to 6.5 seconds.mp3,66b7586d358b4cfe476c50c5bf396dac3fabefeac32575b5b3007dd2325df632,40047e743e70e857dd0eb76c87d0f5820c33b314189eee6beae8fac7f540e936,14.976,1,0.5,2.25-3.75,2.25-3.75,True,True
positive,ruddy duck .1 to 6.5 seconds.mp3,66b7586d358b4cfe476c50c5bf396dac3fabefeac32575b5b3007dd2325df632,40047e743e70e857dd0eb76c87d0f5820c33b314189eee6beae8fac7f540e936,14.976,1,0.75,2.5-4,2.5-4,True,True
positive,ruddy duck .1 to 6.5 seconds.mp3,66b7586d358b4cfe476c50c5bf396dac3fabefeac32575b5b3007dd2325df632,40047e743e70e857dd0eb76c87d0f5820c33b314189eee6beae8fac7f540e936,14.976,3,0,1.75-3.25,1.75-3.25,True,True
positive,ruddy duck .1 to 6.5 seconds.mp3,66b7586d358b4cfe476c50c5bf396dac3fabefeac32575b5b3007dd2325df632,40047e743e70e857dd0eb76c87d0f5820c33b314189eee6beae8fac7f540e936,14.976,3,0.25,2-3.5,2-3.5,True,True
positive,ruddy duck .1 to 6.5 seconds.mp3,66b7586d358b4cfe476c50c5bf396dac3fabefeac32575b5b3007dd2325df632,40047e743e70e857dd0eb76c87d0f5820c33b314189eee6beae8fac7f540e936,14.976,3,0.5,2.25-3.75,2.25-3.75,True,True
positive,ruddy duck .1 to 6.5 seconds.mp3,66b7586d358b4cfe476c50c5bf396dac3fabefeac32575b5b3007dd2325df632,40047e743e70e857dd0eb76c87d0f5820c33b314189eee6beae8fac7f540e936,14.976,3,0.75,2.5-4,2.5-4,True,True
