"Black-bellied Whistling-Duck",Jan 1,0
"Black-bellied Whistling-Duck (Northern)",Jan 1,0
"Bar-headed Goose",Jan 1,0
"Snow Goose",Jan 1,0,Oct 5,5,Dec 17,0
"Ross's Goose",Jan 1,0
"Graylag Goose",Jan 1,0
"Graylag Goose (Domestic type)",Jan 1,0
"Swan Goose",Jan 1,0
"Graylag x Swan Goose (hybrid)",Jan 1,0
"Greater White-fronted Goose",Jan 1,0
"Greater White-fronted Goose (Greenland)",Jan 1,0
"Pink-footed Goose",Jan 1,0
"Domestic goose sp. (Domestic type)",Jan 1,30
"Brant",Jan 1,0
"Brant (Pale-bellied)",Jan 1,0
"Barnacle Goose",Jan 1,0
"Cackling Goose",Jan 1,0
"Cackling Goose (Richardson's)",Jan 1,0
"Canada Goose",Jan 1,500,Feb 1,1500,Mar 1,2000,May 1,200,Aug 1,750,Sep 1,1500,Oct 1,5000,Dec 1,500
"Swan x Canada Goose (hybrid)",Jan 1,0
"Graylag x Canada Goose (hybrid)",Jan 1,0
"Domestic goose sp. x Canada Goose (hybrid)",Jan 1,3
"Mute Swan",Jan 1,30
"Trumpeter Swan",Jan 1,0
"Tundra Swan",Jan 1,0
"Tundra Swan (Whistling)",Jan 1,0
"goose sp.",Jan 1,250,May 1,150,May 31,4,Jun 15,0,Sep 13,10,Oct 1,250
"Ruddy Shelduck",Jan 1,0
"Muscovy Duck (Domestic type)",Jan 1,3
"Wood Duck",Jan 1,2,Feb 15,7,Mar 1,25,Mar 20,80,Nov 1,20,Dec 1,2
"Blue-winged Teal",Jan 1,0,Mar 20,5,May 31,0,Jul 30,15,Sep 1,25,Oct 1,5,Nov 4,0
"Northern Shoveler",Jan 1,0,Mar 18,5,May 1,0,Sep 6,5,Dec 17,0
"Gadwall",Jan 1,0,Mar 1,2,Apr 1,5,May 1,0,Sep 1,1,Oct 1,10,Dec 1,1
"Eurasian Wigeon",Jan 1,0
"American Wigeon",Jan 1,0,Feb 15,20,Apr 1,50,Apr 22,0,Sep 4,5,Oct 1,50,Dec 1,25
"Eurasian x American Wigeon (hybrid)",Jan 1,0
"Mallard",Jan 1,250,May 1,100,Sep 1,250
"Mallard (Domestic type)",Jan 1,10
"Muscovy Duck x Mallard (hybrid)",Jan 1,0
"American Black Duck",Jan 1,40,May 1,5,Sep 1,25,Nov 1,40
"Mallard x American Black Duck (hybrid)",Jan 1,5,May 1,2,Sep 1,5
"Mallard/American Black Duck",Jan 1,6
"Northern Pintail",Jan 1,0,Feb 21,15,Apr 1,25,Apr 19,0,Sep 12,2,Oct 1,15,Dec 1,1
"Gadwall x Northern Pintail (hybrid)",Jan 1,0
"Mallard x Northern Pintail (hybrid)",Jan 1,0
"Green-winged Teal",Jan 1,5,Feb 21,75,Apr 1,150,May 1,50,May 9,0,Aug 8,20,Sep 1,50,Nov 1,25,Dec 1,5
"Green-winged Teal (Eurasian)",Jan 1,0
"Green-winged Teal (American)",Jan 1,2,Feb 21,75,Apr 1,150,May 1,50,May 9,0,Aug 8,20,Sep 1,50,Nov 1,25,Dec 1,5
"Green-winged Teal (Eurasian x American)",Jan 1,0
"teal sp.",Jan 1,0,Jul 30,20,Nov 1,0
"Canvasback",Jan 1,0
"Redhead",Jan 1,0
"Ring-necked Duck",Jan 1,50,Mar 1,150,Apr 28,15,May 6,0,Sep 15,8,Oct 3,150,Dec 1,50
"Tufted Duck",Jan 1,0
"Greater Scaup",Jan 1,0,Mar 1,50,May 1,0,Oct 11,15,Dec 1,1
"Lesser Scaup",Jan 1,0,Mar 1,15,May 1,0,Oct 11,8,Dec 1,1
"Tufted Duck x Lesser Scaup (hybrid)",Jan 1,0
"Greater/Lesser Scaup",Jan 1,1,Mar 1,50,May 1,0,Oct 11,10,Dec 1,1
"Common Eider",Jan 1,0
"Common Eider (Dresser's)",Jan 1,0
"Surf Scoter",Jan 1,0,Oct 10,3,Dec 1,0
"White-winged Scoter",Jan 1,0,Oct 20,10,Dec 1,0
"Black Scoter",Jan 1,0,Oct 20,10,Dec 1,0
"Surf/Black Scoter",Jan 1,0
"scoter sp.",Jan 1,0,Oct 10,10,Dec 1,0
"Long-tailed Duck",Jan 1,0,Oct 16,1,Dec 1,0
"Bufflehead",Jan 1,40,Mar 1,75,May 1,10,May 10,0,Oct 16,5,Nov 1,75,Dec 1,40
"Common Goldeneye",Jan 1,25,Apr 16,5,Apr 21,0,Oct 19,6,Nov 9,25
"Barrow's Goldeneye",Jan 1,0
"Common x Barrow's Goldeneye (hybrid)",Jan 1,0
"Hooded Merganser",Jan 1,50,Mar 1,40,Apr 1,30,May 1,8,Oct 1,30,Nov 1,75
"Wood Duck x Hooded Merganser (hybrid)",Jan 1,0
"Common Goldeneye x Hooded Merganser (hybrid)",Jan 1,0
"Common Merganser",Jan 1,100,Apr 5,25,May 2,2,May 15,0,Oct 20,25,Nov 1,100
"Common Merganser (North American)",Jan 1,100,Apr 5,15,May 2,2,May 15,0,Oct 20,25,Nov 1,100
"Red-breasted Merganser",Jan 1,1,Mar 1,10,Mar 25,1,Apr 15,0,Oct 1,10,Dec 1,1
"Common/Red-breasted Merganser",Jan 1,50,Apr 5,15,Apr 23,0,Oct 20,25,Nov 1,50
"Masked Duck",Jan 1,0
"Ruddy Duck",Jan 1,100,Feb 1,50,Apr 1,20,May 1,5,Jun 1,0,Sep 25,8,Oct 2,75,Nov 1,250
"duck sp.",Jan 1,50,May 1,5,Sep 1,50
"Helmeted Guineafowl",Jan 1,0
"Northern Bobwhite",Jan 1,0
"California Quail",Jan 1,0
"Wild Turkey",Jan 1,40
"Ruffed Grouse",Jan 1,1
"Lady Amherst's Pheasant",Jan 1,0
"Ring-necked Pheasant",Jan 1,5
"Red Junglefowl",Jan 1,0
"Chukar",Jan 1,0
"Rock Pigeon (Feral Pigeon)",Jan 1,250
"African Collared-Dove",Jan 1,0
"Common Ground Dove",Jan 1,0
"White-winged Dove",Jan 1,0
"Mourning Dove",Jan 1,50,Aug 15,100,Dec 1,50
"Yellow-billed Cuckoo",Jan 1,0,May 7,5,Oct 1,1,Oct 24,0
"Black-billed Cuckoo",Jan 1,0,Apr 29,5,Sep 15,0
"Yellow-billed/Black-billed Cuckoo",Jan 1,0,Apr 29,1,Oct 24,0
"Common Nighthawk",Jan 1,0,May 10,5,Jul 1,1,Aug 1,75,Sep 20,0
"Chuck-will's-widow",Jan 1,0
"Eastern Whip-poor-will",Jan 1,0,Apr 17,2,May 1,5,Aug 1,2,Sep 5,1,Sep 18,0
"Chimney Swift",Jan 1,0,Apr 20,5,Apr 24,25,May 1,150,Jun 1,75,Aug 1,100,Sep 29,0
"Ruby-throated Hummingbird",Jan 1,0,Apr 25,5,May 5,10,Jul 22,20,Sep 16,5,Sep 26,3,Oct 3,0
"Rufous Hummingbird",Jan 1,0
"Rufous/Allen's Hummingbird",Jan 1,0
"hummingbird sp.",Jan 1,0
"King Rail",Jan 1,0
"Virginia Rail",Jan 1,0,Mar 18,5,Nov 2,0
"Sora",Jan 1,0,Apr 1,2,Jun 1,0,Aug 1,1,Sep 1,2,Nov 1,0
"Common Gallinule",Jan 1,0
"American Coot",Jan 1,10,Mar 2,30,Apr 21,10,May 17,0,Sep 25,5,Oct 5,100,Nov 26,25,Dec 10,10
"American Coot (Red-shielded)",Jan 1,10,Mar 2,30,Apr 21,10,May 17,0,Sep 25,5,Oct 5,100,Nov 26,25,Dec 10,5
"Purple Gallinule",Jan 1,0
"Yellow Rail",Jan 1,0
"Sandhill Crane",Jan 1,0
"Black-bellied Plover",Jan 1,0
"American Golden-Plover",Jan 1,0
"Black-bellied Plover/golden-plover sp.",Jan 1,0
"Killdeer",Jan 1,0,Feb 23,15,Apr 1,25,Jul 1,50,Nov 13,5,Nov 26,0
"Semipalmated Plover",Jan 1,0,May 8,5,Jun 2,0,Jul 23,10,Sep 16,5,Oct 7,0
"Piping Plover",Jan 1,0
"Upland Sandpiper",Jan 1,0,Apr 20,2,Sep 1,0
"Hudsonian Whimbrel",Jan 1,0
"Hudsonian Godwit",Jan 1,0
"Short-billed Dowitcher",Jan 1,0
"Short-billed Dowitcher (griseus)",Jan 1,0
"Short-billed Dowitcher (hendersoni)",Jan 1,0
"Long-billed Dowitcher",Jan 1,0
"Short-billed/Long-billed Dowitcher",Jan 1,0,Aug 1,1,Oct 1,0
"American Woodcock",Jan 1,0,Feb 20,10,Jun 1,5,Jul 1,2,Oct 1,1,Nov 17,0
"Wilson's Snipe",Jan 1,0,Mar 10,5,Apr 1,15,May 1,1,Jun 17,0,Jul 31,1,Sep 1,10,Oct 1,15,Nov 1,5,Dec 17,0
"Wilson's Phalarope",Jan 1,0
"Red Phalarope",Jan 1,0
"Red-necked Phalarope",Jan 1,0
"phalarope sp.",Jan 1,0
"Spotted Sandpiper",Jan 1,0,Apr 19,5,Oct 15,2,Oct 26,0
"Solitary Sandpiper",Jan 1,0,Apr 25,1,May 1,5,Jun 1,1,Jul 1,5,Aug 1,10,Sep 1,5,Oct 3,1,Oct 17,0
"Solitary Sandpiper (solitaria)",Jan 1,0,Jul 1,5,Aug 1,10,Sep 1,5,Oct 3,1,Oct 17,0
"Lesser Yellowlegs",Jan 1,0,Apr 8,5,May 1,10,May 29,0,Jul 8,1,Jul 15,15,Oct 1,5,Oct 31,0
"Willet",Jan 1,0
"Willet (Western)",Jan 1,0
"Greater Yellowlegs",Jan 1,0,Apr 7,50,May 1,25,Jun 1,1,Jul 1,25,Oct 1,5,Nov 10,0
"Lesser/Greater Yellowlegs",Jan 1,0,Apr 7,50,May 29,0,Jul 8,200,Nov 15,0
"Ruddy Turnstone",Jan 1,0
"Red Knot",Jan 1,0
"Ruff",Jan 1,0
"Stilt Sandpiper",Jan 1,0
"Buff-breasted Sandpiper",Jan 1,0
"Sanderling",Jan 1,0
"Dunlin",Jan 1,0
"Baird's Sandpiper",Jan 1,0
"White-rumped Sandpiper",Jan 1,0,Aug 1,1,Nov 1,0
"Least Sandpiper",Jan 1,0,May 1,50,Jun 1,5,Jul 1,75,Sep 20,20,Oct 11,0
"Pectoral Sandpiper",Jan 1,0,Apr 8,2,May 17,0,Jul 19,1,Aug 1,5,Sep 1,10,Nov 17,0
"Western Sandpiper",Jan 1,0
"Semipalmated Sandpiper",Jan 1,0,May 15,5,Jun 1,2,Jul 1,25,Oct 4,8,Oct 22,0
"peep sp.",Jan 1,0,Apr 1,5,May 1,50,Jun 1,5,Jul 1,75,Oct 1,25,Nov 1,0
"shorebird sp.",Jan 1,0,May 10,10,Oct 15,2,Nov 1,0
"Dovekie",Jan 1,0
"Thick-billed Murre",Jan 1,0
"Little Gull",Jan 1,0
"Black-legged Kittiwake",Jan 1,0
"Bonaparte's Gull",Jan 1,0
"Black-headed Gull",Jan 1,0
"Laughing Gull",Jan 1,0
"Franklin's Gull",Jan 1,0
"Ring-billed Gull",Jan 1,200,Mar 1,500,May 1,250,Jun 1,15,Jul 1,50,Aug 1,200,Oct 1,500
"American Herring Gull",Jan 1,250,Feb 1,500,May 1,100,Aug 1,200,Sep 1,250,Oct 1,500,Nov 1,1000,Dec 1,250
"Great Black-backed Gull",Jan 1,25,May 1,5,Jul 1,15,Oct 1,25
"Glaucous Gull",Jan 1,0
"American Herring x Glaucous Gull (hybrid)",Jan 1,0
"Lesser Black-backed Gull",Jan 1,0
"Lesser Black-backed Gull (fuscus)",Jan 1,0
"American Herring x Lesser Black-backed Gull (hybrid)",Jan 1,0
"Slaty-backed Gull",Jan 1,0
"Iceland Gull",Jan 1,0
"Iceland Gull (kumlieni)",Jan 1,0
"Iceland Gull (kumlieni/glaucoides)",Jan 1,0
"white-winged gull sp.",Jan 1,0
"gull sp.",Jan 1,2000
"Least Tern",Jan 1,0
"Caspian Tern",Jan 1,0
"Black Tern",Jan 1,0
"Forster's Tern",Jan 1,0
"Arctic Tern",Jan 1,0
"Common Tern",Jan 1,0
"Common Tern (hirundo/tibetana)",Jan 1,0
"Sterna sp.",Jan 1,0
"Pied-billed Grebe",Jan 1,1,Mar 1,5,Apr 1,10,Jun 1,5,Sep 1,10,Dec 1,2
"Horned Grebe",Jan 1,0,Mar 19,2,Apr 27,0,Oct 18,2,Dec 17,0
"Red-necked Grebe",Jan 1,0,Oct 15,1,Dec 1,0
"White-tailed Tropicbird",Jan 1,0
"Red-throated Loon",Jan 1,0
"Common Loon",Jan 1,0,Feb 20,1,Apr 1,3,Jun 17,0,Aug 18,1,Oct 1,2,Dec 1,1
"loon sp.",Jan 1,0
"Leach's Storm-Petrel",Jan 1,0
"Wood Stork",Jan 1,0
"Northern Gannet",Jan 1,0
"Anhinga",Jan 1,0
"Great Cormorant",Jan 1,0
"Great Cormorant (North Atlantic)",Jan 1,0
"Double-crested Cormorant",Jan 1,0,Mar 23,1,Mar 29,100,Aug 15,300,Oct 1,200,Nov 20,30,Dec 16,1
"Great/Double-crested Cormorant",Jan 1,2,Apr 15,0,Oct 1,2
"White Ibis",Jan 1,0
"Glossy Ibis",Jan 1,0
"White-faced Ibis",Jan 1,0
"American Bittern",Jan 1,0,Mar 22,1,Jun 1,0,Sep 1,1,Oct 31,0
"Least Bittern",Jan 1,0,May 15,2,Aug 16,1,Sep 1,0
"Yellow-crowned Night Heron",Jan 1,0
"Black-crowned Night Heron",Jan 1,0,Apr 1,10,Nov 10,0
"Little Blue Heron",Jan 1,0
"Tricolored Heron",Jan 1,0
"Snowy Egret",Jan 1,0
"Green Heron",Jan 1,0,Apr 22,5,Jul 1,10,Oct 1,1,Oct 15,0
"Western Cattle-Egret",Jan 1,0
"Great Egret",Jan 1,0,May 1,2,Jul 1,5,Aug 1,8,Oct 1,4,Oct 17,0
"Great Blue Heron",Jan 1,4,Mar 1,5,Apr 1,100,Oct 1,20,Nov 1,10,Dec 1,4
"Great Blue Heron (Great Blue)",Jan 1,4,Mar 1,5,Apr 1,100,Oct 1,20,Nov 1,10,Dec 1,4
"heron sp.",Jan 1,0,Apr 15,2,Oct 1,0
"American White Pelican",Jan 1,0
"Black Vulture",Jan 1,0
"Turkey Vulture",Jan 1,1,Mar 1,25,Apr 1,50,Nov 1,10,Nov 15,1
"Osprey",Jan 1,0,Mar 26,5,Oct 22,1,Nov 7,0
"Osprey (American)",Jan 1,0,Mar 26,5,Oct 22,1,Nov 7,0
"Swallow-tailed Kite",Jan 1,0
"Golden Eagle",Jan 1,0
"Sharp-shinned Hawk",Jan 1,2,Mar 1,5,Apr 1,25,May 1,5,May 17,0,Aug 7,2,Sep 1,25,Nov 1,5,Dec 1,2
"Sharp-shinned Hawk (Northern)",Jan 1,2,Mar 1,5,Apr 1,25,May 1,5,May 17,0,Aug 7,2,Sep 1,25,Nov 1,5,Dec 1,2
"Cooper's Hawk",Jan 1,2,Mar 1,5,Apr 1,25,May 1,5,Jun 1,2,Jul 15,5,Sep 1,25,Nov 1,5,Dec 1,2
"Sharp-shinned/Cooper's Hawk",Jan 1,2,Mar 1,5,Apr 1,10,Jun 2,2,Aug 18,10,Nov 1,5,Dec 1,2
"American Goshawk",Jan 1,0
"Accipitrine hawk sp. (former Accipiter sp.)",Jan 1,5,Jun 1,1,Sep 1,5
"Northern Harrier",Jan 1,1,Apr 1,5,May 1,1,May 8,0,Aug 6,1,Sep 1,5,Nov 1,1
"Bald Eagle",Jan 1,4,May 1,5,Jun 1,2,Nov 1,4
"Mississippi Kite",Jan 1,0
"Broad-winged Hawk",Jan 1,0,Apr 10,25,May 4,5,Sep 1,50,Oct 9,0
"Red-shouldered Hawk",Jan 1,2,Oct 1,5,Dec 1,2
"Red-shouldered Hawk (lineatus Group)",Jan 1,2,Oct 1,5,Dec 1,2
"Swainson's Hawk",Jan 1,0
"Red-tailed Hawk",Jan 1,10,Apr 1,20,Jun 1,15
"Red-tailed Hawk (abieticola)",Jan 1,0
"Red-tailed Hawk (borealis)",Jan 1,10,Apr 1,20,Jun 1,15
"Rough-legged Hawk",Jan 1,0
"Buteo sp.",Jan 1,10
"hawk sp.",Jan 1,10
"American Barn Owl",Jan 1,0
"American Barn Owl (American)",Jan 1,0
"Eastern Screech-Owl",Jan 1,5
"Eastern Screech-Owl (Northern)",Jan 1,5
"Snowy Owl",Jan 1,0
"Great Horned Owl",Jan 1,5
"Northern Hawk Owl",Jan 1,0
"Barred Owl",Jan 1,5
"Long-eared Owl",Jan 1,0
"Short-eared Owl",Jan 1,0
"Short-eared Owl (Northern)",Jan 1,0
"Boreal Owl",Jan 1,0
"Northern Saw-whet Owl",Jan 1,2
"owl sp.",Jan 1,1
"Belted Kingfisher",Jan 1,2,Apr 1,5,Nov 1,2
"Yellow-bellied Sapsucker",Jan 1,1,Apr 5,4,May 1,1,May 14,0,Sep 17,2,Dec 1,1
"Red-headed Woodpecker",Jan 1,0
"Red-bellied Woodpecker",Jan 1,12
"Black-backed Woodpecker",Jan 1,0
"Downy Woodpecker",Jan 1,15
"Downy Woodpecker (Eastern)",Jan 1,15
"Hairy Woodpecker",Jan 1,10
"Hairy Woodpecker (Eastern)",Jan 1,10
"Downy/Hairy Woodpecker",Jan 1,15
"Pileated Woodpecker",Jan 1,3
"Northern Flicker",Jan 1,5,Apr 1,50,May 1,20,Jun 1,15,Sep 1,25,Oct 1,50,Nov 1,10,Dec 1,5
"Northern Flicker (Yellow-shafted)",Jan 1,5,Apr 1,50,May 1,20,Jun 1,15,Sep 1,25,Oct 1,50,Nov 1,10,Dec 1,5
"woodpecker sp.",Jan 1,10
"American Kestrel",Jan 1,1,Mar 1,5,Apr 1,10,Jun 1,2,Sep 1,10,Nov 1,2,Dec 1,1
"Merlin",Jan 1,1,Mar 21,2,May 24,0,Jul 26,1,Sep 1,2,Nov 1,1
"Merlin (Taiga)",Jan 1,1,Mar 21,2,May 24,0,Jul 26,1,Sep 1,2,Nov 1,1
"Gyrfalcon",Jan 1,0
"Peregrine Falcon",Jan 1,2
"Peregrine Falcon (North American)",Jan 1,2
"Peregrine Falcon (Tundra)",Jan 1,0
"falcon sp.",Jan 1,2
"Cockatiel",Jan 1,0
"Budgerigar",Jan 1,0
"Monk Parakeet",Jan 1,0
"Olive-sided Flycatcher",Jan 1,0,May 10,1,Jun 8,0,Aug 17,1,Sep 15,0
"Eastern Wood-Pewee",Jan 1,0,May 7,5,Jun 1,10,Sep 1,5,Sep 26,1,Oct 5,0
"Yellow-bellied Flycatcher",Jan 1,0,May 13,1,Jun 9,0,Aug 15,1,Sep 15,0
"Acadian Flycatcher",Jan 1,0
"Alder Flycatcher",Jan 1,0,May 14,1,Jun 6,0
"Willow Flycatcher",Jan 1,0,May 14,5,Jun 1,10,Aug 1,5,Aug 31,0
"Alder/Willow Flycatcher (Traill's Flycatcher)",Jan 1,0,May 14,5,Sep 1,1,Sep 10,0
"Least Flycatcher",Jan 1,0,Apr 24,5,Jun 6,0,Aug 19,5,Sep 14,0
"Hammond's Flycatcher",Jan 1,0
"Gray Flycatcher",Jan 1,0
"Western Flycatcher",Jan 1,0
"Western Flycatcher (Pacific-slope)",Jan 1,0
"Empidonax sp.",Jan 1,0,May 5,10,Oct 5,0
"Eastern Phoebe",Jan 1,0,Mar 15,5,Apr 1,15,Oct 15,3,Nov 5,0
"Say's Phoebe",Jan 1,0
"Ash-throated Flycatcher",Jan 1,0
"Great Crested Flycatcher",Jan 1,0,Apr 25,10,Sep 7,5,Sep 28,0
"Tropical Kingbird",Jan 1,0
"Western Kingbird",Jan 1,0
"Eastern Kingbird",Jan 1,0,Apr 24,10,Sep 7,0
"Scissor-tailed Flycatcher",Jan 1,0
"Fork-tailed Flycatcher",Jan 1,0
"new world flycatcher sp.",Jan 1,0,Mar 15,5,Apr 1,10,Jun 1,5,Sep 1,10,Nov 1,0
"White-eyed Vireo",Jan 1,0
"Yellow-throated Vireo",Jan 1,0,Apr 27,2,Sep 1,1,Sep 24,0
"Blue-headed Vireo",Jan 1,0,Apr 15,5,Oct 1,3,Oct 23,1,Nov 1,0
"Philadelphia Vireo",Jan 1,0,Aug 30,3,Oct 8,0
"Eastern Warbling Vireo",Jan 1,0,Apr 23,1,Apr 28,15,Sep 1,10,Sep 22,2,Sep 27,0
"Philadelphia/Eastern Warbling Vireo",Jan 1,0,Sep 7,2,Sep 27,0
"Red-eyed Vireo",Jan 1,0,May 3,20,Jun 1,15,Sep 1,10,Oct 1,2,Oct 10,1,Oct 21,0
"vireo sp.",Jan 1,0,Apr 24,2,Oct 21,0
"Northern Shrike",Jan 1,1,Mar 29,0,Oct 26,1
"Blue Jay",Jan 1,50,Apr 1,100,May 1,50,Jun 1,20,Sep 1,100,Dec 1,50
"American Crow",Jan 1,250,Apr 1,50,Aug 1,100,Oct 1,500,Dec 1,250
"Fish Crow",Jan 1,5,Aug 15,2,Nov 1,5
"crow sp.",Jan 1,1000
"Common Raven",Jan 1,6
"Black-capped Chickadee",Jan 1,150,May 1,75,Oct 1,150
"Boreal Chickadee",Jan 1,0
"Tufted Titmouse",Jan 1,50
"Horned Lark",Jan 1,25,Apr 1,10,Oct 1,50,Dec 1,25
"Bank Swallow",Jan 1,0,Apr 19,50,Sep 1,1,Sep 11,0
"Tree Swallow",Jan 1,0,Mar 10,5,Mar 15,100,Apr 1,250,Jun 1,100,Jul 1,250,Sep 1,10,Oct 16,0
"Purple Martin",Jan 1,0
"Northern Rough-winged Swallow",Jan 1,0,Apr 3,10,May 1,50,Jun 1,25,Jul 1,50,Aug 1,25,Sep 1,1,Oct 25,0
"Barn Swallow",Jan 1,0,Apr 4,25,May 1,100,Sep 1,25,Sep 16,5,Sep 28,0
"Barn Swallow (American)",Jan 1,0,Apr 4,25,May 1,100,Sep 1,25,Sep 16,5,Sep 28,0
"Cliff Swallow",Jan 1,0,Apr 20,5,Jun 1,1,Aug 1,10,Sep 1,5,Oct 1,0
"Cliff Swallow (pyrrhonota Group)",Jan 1,0,Apr 20,5,Jun 1,1,Aug 1,10,Sep 1,5,Oct 1,0
"Cave Swallow",Jan 1,0
"Cave Swallow (Texas)",Jan 1,0
"swallow sp.",Jan 1,0,Apr 1,500,Jun 1,250,Aug 1,500,Oct 16,0
"Ruby-crowned Kinglet",Jan 1,1,Apr 4,20,May 14,2,May 21,0,Sep 12,20,Nov 1,5,Dec 1,1
"Golden-crowned Kinglet",Jan 1,15,Apr 1,25,May 5,0,Sep 19,25
"White-breasted Nuthatch",Jan 1,15
"White-breasted Nuthatch (Eastern)",Jan 1,15
"Red-breasted Nuthatch",Jan 1,25,May 1,5,Aug 20,25
"Brown Creeper",Jan 1,8
"Blue-gray Gnatcatcher",Jan 1,0,Apr 13,5,May 1,10,Sep 1,2,Sep 15,0
"Blue-gray Gnatcatcher (Eastern)",Jan 1,0,Apr 13,5,May 1,10,Sep 1,2,Sep 15,0
"Northern House Wren",Jan 1,0,Apr 18,2,May 1,15,Sep 1,10,Oct 1,3,Oct 14,1,Oct 29,0
"Northern House Wren (Northern)",Jan 1,0,Apr 18,2,May 1,15,Sep 1,10,Oct 1,3,Oct 14,1,Oct 29,0
"Winter Wren",Jan 1,1,Apr 1,5,May 1,2,Oct 1,5,Nov 1,2,Dec 1,1
"Sedge Wren",Jan 1,0
"Marsh Wren",Jan 1,0,Apr 1,5,Apr 28,14,Oct 14,5,Nov 7,2
"Marsh Wren (palustris Group)",Jan 1,0,Apr 1,5,Apr 28,14,Oct 14,5,Nov 7,2
"Carolina Wren",Jan 1,10
"wren sp.",Jan 1,2
"European Starling",Jan 1,5000,May 1,500,Aug 1,5000
"Gray Catbird",Jan 1,0,Apr 24,5,May 1,50,Oct 1,25,Oct 19,3,Nov 5,0
"Brown Thrasher",Jan 1,0,Apr 9,2,May 1,5,Oct 1,2,Oct 11,0
"Northern Mockingbird",Jan 1,10
"Eastern Bluebird",Jan 1,20
"Mountain Bluebird",Jan 1,0
"Townsend's Solitaire",Jan 1,0
"Varied Thrush",Jan 1,0
"Veery",Jan 1,0,May 1,20,Jul 1,10,Sep 1,2,Sep 16,0
"Gray-cheeked Thrush",Jan 1,0
"Bicknell's Thrush",Jan 1,0
"Gray-cheeked/Bicknell's Thrush",Jan 1,0
"Swainson's Thrush",Jan 1,0,Apr 29,10,Jun 1,2,Jun 10,0,Sep 5,10,Oct 1,5,Oct 15,0
"Swainson's Thrush (Olive-backed)",Jan 1,0,Apr 29,10,Jun 1,2,Jun 10,0,Sep 5,10,Oct 1,5,Oct 15,0
"Hermit Thrush",Jan 1,1,Mar 1,5,Apr 1,10,May 1,5,Nov 1,2
"Hermit Thrush (faxoni/crymophilus)",Jan 1,1,Mar 1,5,Apr 1,10,May 1,5,Nov 1,2
"Catharus sp.",Jan 1,0,Apr 1,10,Jun 1,5,Aug 1,10,Sep 1,20,Oct 1,25,Nov 1,0
"Wood Thrush",Jan 1,0,Apr 27,15,Sep 1,2,Sep 20,1,Oct 5,0
"Fieldfare",Jan 1,0
"American Robin",Jan 1,250,Mar 1,500,May 1,250,Jun 1,100,Jul 15,500,Oct 1,2500,Dec 1,1000
"Bohemian Waxwing",Jan 1,0
"Cedar Waxwing",Jan 1,200,Jun 1,25,Aug 1,100,Sep 1,250
"Zebra Finch",Jan 1,0
"Orange-cheeked Waxbill",Jan 1,0
"Common Waxbill",Jan 1,0
"House Sparrow",Jan 1,250
"American Pipit",Jan 1,0,Apr 1,1,May 15,0,Sep 18,50,Oct 1,100,Nov 1,50,Dec 7,0
"Common Chaffinch",Jan 1,0
"Evening Grosbeak",Jan 1,0
"Evening Grosbeak (Eastern or type 3)",Jan 1,0
"Pine Grosbeak",Jan 1,0
"House Finch",Jan 1,50,Apr 1,25,Jul 1,50,Nov 1,100
"Purple Finch",Jan 1,5,Feb 18,1,Feb 23,5,Sep 1,10,Oct 1,15,Nov 1,10,Dec 1,5
"Purple Finch (Eastern)",Jan 1,5,Feb 18,1,Feb 23,5,Sep 1,10,Oct 1,15,Nov 1,10,Dec 1,5
"House/Purple Finch",Jan 1,50
"Yellow-fronted Canary",Jan 1,0
"Redpoll",Jan 1,25,Feb 14,0,Feb 22,25,Mar 16,0,Oct 26,5,Nov 16,25
"Redpoll (Common)",Jan 1,25,Feb 14,0,Feb 22,25,Mar 16,0,Oct 26,5,Nov 16,25
"Redpoll (flammea)",Jan 1,25,Feb 14,0,Feb 22,25,Mar 16,0,Oct 26,5,Nov 16,25
"Redpoll (rostrata/islandica)",Jan 1,0
"Redpoll (Hoary)",Jan 1,0
"Redpoll (exilipes)",Jan 1,0
"Red Crossbill",Jan 1,0
"Red Crossbill (Appalachian or type 1)",Jan 1,0
"Red Crossbill (Ponderosa Pine or type 2)",Jan 1,0
"Red Crossbill (Western Hemlock or type 3)",Jan 1,0
"Red Crossbill (Douglas-fir or type 4)",Jan 1,0
"Red Crossbill (Northeastern or type 12)",Jan 1,0
"White-winged Crossbill",Jan 1,0
"European Goldfinch",Jan 1,0
"Pine Siskin",Jan 1,75,May 1,25,Jun 1,5,Jul 15,0,Sep 20,75
"American Goldfinch",Jan 1,100,Oct 1,200
"Acanthis/Spinus sp.",Jan 1,25,Apr 1,5,Apr 23,0,Nov 10,25
"finch sp.",Jan 1,30,Apr 30,5,Oct 1,30
"Lapland Longspur",Jan 1,0,Oct 1,1,Dec 1,0
"Snow Bunting",Jan 1,1,Mar 12,0,Oct 21,1,Nov 1,10,Dec 1,5
"Grasshopper Sparrow",Jan 1,0,Sep 20,1,Nov 1,0
"Chipping Sparrow",Jan 1,0,Apr 1,25,May 1,50,Jun 1,25,Sep 1,50,Nov 4,0
"Clay-colored Sparrow",Jan 1,0
"Field Sparrow",Jan 1,0,Mar 18,10,Nov 1,1,Dec 17,0
"Brewer's Sparrow",Jan 1,0
"Spizella sp.",Jan 1,0,Sep 15,2,Oct 1,5,Nov 1,1,Dec 17,0
"Lark Sparrow",Jan 1,0
"American Tree Sparrow",Jan 1,50,Apr 1,5,Apr 19,0,Oct 25,5,Nov 1,50
"Spizella sp./American Tree Sparrow",Jan 1,25,Apr 1,2,Apr 18,0,Oct 28,25
"Fox Sparrow",Jan 1,1,Feb 23,5,Apr 23,0,Oct 20,1,Nov 1,5,Dec 17,1
"Fox Sparrow (Red)",Jan 1,1,Feb 23,5,Apr 23,0,Oct 20,1,Nov 1,5,Dec 17,1
"Dark-eyed Junco",Jan 1,150,Apr 1,50,May 1,1,Jun 1,0,Sep 1,20,Oct 1,150
"Dark-eyed Junco (Slate-colored)",Jan 1,150,Apr 1,50,May 1,1,Jun 1,0,Sep 1,20,Oct 1,150
"Dark-eyed Junco (Oregon)",Jan 1,0
"White-crowned Sparrow",Jan 1,0,Apr 15,1,Apr 23,5,May 4,10,May 19,0,Sep 22,10,Nov 10,0
"White-crowned Sparrow (Dark-lored)",Jan 1,0,Apr 15,1,Apr 23,5,May 4,10,May 19,0,Sep 22,10,Nov 10,0
"White-crowned Sparrow (Gambel's)",Jan 1,0
"Golden-crowned Sparrow",Jan 1,0
"Harris's Sparrow",Jan 1,0
"White-throated Sparrow",Jan 1,40,Mar 1,60,Apr 1,100,Jun 1,0,Sep 1,50,Oct 1,200,Nov 1,100,Dec 1,70
"Vesper Sparrow",Jan 1,0,Apr 1,1,May 1,0,Sep 1,1,Dec 1,0
"LeConte's Sparrow",Jan 1,0
"Nelson's Sparrow",Jan 1,0
"Nelson's Sparrow (Interior)",Jan 1,0
"Nelson's Sparrow (Atlantic Coast)",Jan 1,0
"Saltmarsh Sparrow",Jan 1,0
"Nelson's/Saltmarsh Sparrow (Sharp-tailed Sparrow)",Jan 1,0
"Savannah Sparrow",Jan 1,0,Mar 27,3,Apr 6,25,Jun 1,10,Sep 1,35,Oct 1,50,Nov 1,35,Dec 1,1
"Savannah Sparrow (Savannah)",Jan 1,0,Mar 27,3,Apr 6,25,Jun 1,10,Sep 1,35,Oct 1,50,Nov 1,35,Dec 1,1
"Savannah Sparrow (Ipswich)",Jan 1,0
"Henslow's Sparrow",Jan 1,0
"Song Sparrow",Jan 1,50,May 1,30,Jun 7,70,Oct 1,100,Dec 1,50
"Song Sparrow (melodia/atlantica)",Jan 1,50,May 1,30,Jun 7,70,Oct 1,100,Dec 1,50
"Lincoln's Sparrow",Jan 1,0,May 7,5,May 24,0,Sep 6,5,Nov 1,0
"Swamp Sparrow",Jan 1,4,Apr 1,25,Oct 1,50,Nov 1,20,Dec 1,8
"Eastern Towhee",Jan 1,0,Apr 11,15,Oct 20,1,Nov 1,0
"Spotted x Eastern Towhee (hybrid)",Jan 1,0
"new world sparrow sp.",Jan 1,100
"Yellow-breasted Chat",Jan 1,0
"Yellow-headed Blackbird",Jan 1,0
"Bobolink",Jan 1,0,Apr 28,100,Jun 1,50,Aug 1,100,Oct 1,10,Oct 18,0
"Western Meadowlark",Jan 1,0
"Eastern Meadowlark",Jan 1,0,Mar 18,5,Nov 1,0
"Eastern Meadowlark (Eastern)",Jan 1,0,Mar 18,5,Nov 1,0
"Orchard Oriole",Jan 1,0,Apr 29,5,Jul 27,0
"Bullock's Oriole",Jan 1,0
"Baltimore Oriole",Jan 1,0,Apr 25,4,May 1,20,Sep 1,25,Oct 1,5,Nov 1,0
"Red-winged Blackbird",Jan 1,20,Feb 1,150,Mar 1,250,Apr 1,500,May 1,250,Jul 1,1000,Sep 1,5000,Nov 1,250,Dec 1,20
"Red-winged Blackbird (Red-winged)",Jan 1,20,Feb 1,150,Mar 1,250,Apr 1,500,May 1,250,Jul 1,1000,Sep 1,5000,Nov 1,250,Dec 1,20
"Brown-headed Cowbird",Jan 1,2,Feb 19,5,Mar 1,50,Apr 1,250,May 1,50,Jul 1,100,Aug 1,250,Nov 1,50,Dec 1,2
"Rusty Blackbird",Jan 1,0,Feb 22,1,Mar 18,10,May 1,1,May 10,0,Sep 17,10,Dec 1,1,Dec 17,0
"Brewer's Blackbird",Jan 1,0
"Common Grackle",Jan 1,10,Feb 1,20,Feb 20,200,Mar 1,1000,Apr 1,2000,May 1,250,Aug 1,1000,Sep 1,2500,Nov 17,10
"Common Grackle (Bronzed)",Jan 1,10,Feb 1,20,Feb 20,200,Mar 1,1000,Apr 1,2000,May 1,250,Aug 1,1000,Sep 1,2500,Nov 17,10
"blackbird sp.",Jan 1,250,Mar 1,1000,May 1,500,Jun 1,250,Jul 1,1000
"Ovenbird",Jan 1,0,Apr 26,20,Sep 1,5,Oct 5,0
"Worm-eating Warbler",Jan 1,0
"Louisiana Waterthrush",Jan 1,0,Apr 8,2,Aug 7,0
"Northern Waterthrush",Jan 1,0,Apr 20,5,Sep 28,0
"Louisiana/Northern Waterthrush",Jan 1,0,Apr 20,2,Aug 7,0
"Golden-winged Warbler",Jan 1,0
"Blue-winged Warbler",Jan 1,0,Apr 24,5,Sep 1,1,Sep 13,0
"Golden-winged x Blue-winged Warbler (hybrid)",Jan 1,0
"Brewster's Warbler (hybrid)",Jan 1,0
"Lawrence's Warbler (hybrid)",Jan 1,0
"Golden-winged/Blue-winged Warbler",Jan 1,0
"Black-and-white Warbler",Jan 1,0,Apr 20,15,Oct 6,2,Oct 21,0
"Prothonotary Warbler",Jan 1,0
"Swainson's Warbler",Jan 1,0
"Tennessee Warbler",Jan 1,0,Apr 30,5,May 29,0,Aug 27,5,Oct 17,0
"Orange-crowned Warbler",Jan 1,0,Sep 25,1,Nov 5,0
"Orange-crowned Warbler (Gray-headed)",Jan 1,0,Sep 25,1,Nov 5,0
"Nashville Warbler",Jan 1,0,Apr 25,3,May 2,10,May 21,3,May 28,0,Aug 25,1,Sep 1,10,Oct 1,5,Oct 15,1,Oct 26,0
"Connecticut Warbler",Jan 1,0
"MacGillivray's Warbler",Jan 1,0
"Mourning Warbler",Jan 1,0,May 11,2,Jun 10,0,Sep 2,2,Sep 23,0
"Kentucky Warbler",Jan 1,0
"Common Yellowthroat",Jan 1,0,Apr 26,25,Oct 1,5,Oct 20,1,Nov 1,0
"Mourning Warbler x Common Yellowthroat (hybrid)",Jan 1,0
"Hooded Warbler",Jan 1,0
"American Redstart",Jan 1,0,Apr 29,25,Oct 3,1,Oct 16,0
"Cape May Warbler",Jan 1,0,May 1,4,May 25,0,Sep 4,1,Oct 1,0
"Cerulean Warbler",Jan 1,0
"Northern Parula",Jan 1,0,Apr 23,1,May 1,25,May 29,0,Aug 27,10,Oct 1,2,Oct 10,0
"Magnolia Warbler",Jan 1,0,May 1,10,Jun 10,0,Aug 20,10,Oct 6,0
"Bay-breasted Warbler",Jan 1,0,May 2,2,May 29,0,Aug 30,2,Oct 2,0
"Blackburnian Warbler",Jan 1,0,Apr 26,15,Jun 1,0,Aug 15,5,Oct 6,0
"Northern Yellow Warbler",Jan 1,0,Apr 23,30,Jul 1,20,Aug 1,8,Sep 5,1,Oct 6,0
"Chestnut-sided Warbler",Jan 1,0,Apr 26,15,Sep 1,5,Sep 28,0
"Blackpoll Warbler",Jan 1,0,May 5,15,Jun 4,0,Aug 31,25,Oct 19,5,Nov 3,0
"Bay-breasted x Blackpoll Warbler (hybrid)",Jan 1,0
"Bay-breasted/Blackpoll Warbler",Jan 1,0,Aug 30,5,Oct 2,0
"Black-throated Blue Warbler",Jan 1,0,Apr 25,10,Oct 1,2,Oct 9,1,Oct 22,0
"Palm Warbler",Jan 1,0,Apr 3,25,May 1,15,May 16,0,Sep 4,20,Nov 1,1,Nov 16,0
"Palm Warbler (Western)",Jan 1,0,Sep 4,20,Nov 1,1,Nov 16,0
"Palm Warbler (Yellow)",Jan 1,0,Apr 3,25,May 1,15,May 16,0,Sep 20,20,Nov 1,1,Nov 16,0
"Pine Warbler",Jan 1,0,Mar 21,1,Apr 1,20,Sep 1,10,Oct 1,5,Oct 18,0
"Yellow-rumped Warbler",Jan 1,0,Apr 5,100,Jun 1,5,Sep 1,100,Nov 1,25,Dec 1,5,Dec 6,0
"Yellow-rumped Warbler (Myrtle)",Jan 1,0,Apr 5,100,Jun 1,5,Sep 1,100,Nov 1,25,Dec 1,5,Dec 6,0
"Yellow-rumped Warbler (Audubon's)",Jan 1,0
"Yellow-throated Warbler",Jan 1,0
"Prairie Warbler",Jan 1,0,Apr 25,10,Sep 1,2,Sep 29,0
"Black-throated Gray Warbler",Jan 1,0
"Townsend's Warbler",Jan 1,0
"Hermit Warbler",Jan 1,0
"Black-throated Green Warbler",Jan 1,0,Apr 22,15,Sep 1,5,Oct 10,2,Oct 22,0
"Setophaga sp.",Jan 1,0,Apr 18,150,Nov 2,0
"Canada Warbler",Jan 1,0,May 3,10,Jun 10,0,Aug 15,3,Sep 18,0
"Wilson's Warbler",Jan 1,0,May 3,2,Jun 1,0,Aug 19,1,Aug 30,5,Oct 6,0
"new world warbler sp.",Jan 1,0,Apr 1,5,Apr 18,150,Nov 2,5,Nov 16,1,Dec 1,0
"Summer Tanager",Jan 1,0
"Scarlet Tanager",Jan 1,0,Apr 29,10,Sep 1,2,Oct 8,0
"Western Tanager",Jan 1,0
"Northern Cardinal",Jan 1,20
"Rose-breasted Grosbeak",Jan 1,0,Apr 24,1,May 1,15,Jun 1,5,Sep 25,2,Oct 10,0
"Black-headed Grosbeak",Jan 1,0
"Blue Grosbeak",Jan 1,0
"Indigo Bunting",Jan 1,0,May 2,5,Aug 1,10,Oct 1,5,Oct 26,0
"Painted Bunting",Jan 1,0
"Dickcissel",Jan 1,0,Aug 10,1,Nov 1,0
"Saffron Finch",Jan 1,0
"passerine sp.",Jan 1,1000
"bird sp.",Jan 1,1000